"state","year","high_sch_grads","unemployment_percent","total_labor_force","total_checked_firearm","white","black","american_indian_alaskan_native","asian","native_hawaiian_pacific_islander","two_or_more_race","hispanic_latino","population","shootings_count_per_mil"
"Alabama",2015,0.945661440845282,6.1,44.6314917412715,15.1913270219204,52.7227160401771,19.7743554166873,0.446094311138887,1.03847674148673,0.035037467019774,0.763923891453474,2.4963525811449,4854803,3.50168688616201
"Alabama",2016,0.934695809834093,6.1,43.9502435263737,12.6765833323745,52.6352504220412,19.8660563850265,0.451423762190702,1.07511592775905,0.035279681369205,0.784207524249901,2.54118496991056,4866824,4.93134742493256
"Alabama",2017,0.924561330499105,5.5,45.0836810005107,9.78569242366065,52.5724227750411,19.9494914810181,0.45688909917591,1.10594755338727,0.0363469454318163,0.806746386676969,2.59205176559439,4877989,5.12506280764471
"Alabama",2018,0.907673273601345,4,45.2855981689532,9.69603575742064,52.5172601023626,20.0266864119675,0.462300076784253,1.1266392293118,0.0374721871736771,0.829069585831138,2.6644708060384,4891628,2.65760192721115
"Alabama",2019,0.871033106389308,3.7,46.139815585482,14.0604914664224,52.5135570445184,20.0729019053722,0.468035122499855,1.14894869869691,0.0376734552915516,0.853143818262763,2.72288005313811,4907965,2.24125477667424
"Alabama",2020,0.830788959331489,3.2,45.111343608351,21.5741781251279,52.3998869491005,20.1468508924621,0.467169724619298,1.16705973452119,0.0380413891904419,0.880119538208541,2.81512242609456,5031362,3.18005343284781
"Alabama",2021,0.832896686354396,4.2,44.7870687541759,18.7386110388317,52.3626067012737,20.1241384390732,0.471756960509291,1.19579884218251,0.038733854458136,0.913513006139197,2.91086104407936,5049846,4.75262017891239
"Alabama",2022,0.825533236531728,2.6,44.9031550386497,14.5658235152226,52.2893027919538,20.0996157890671,0.476006918003995,1.22450483771542,0.0402223283781632,0.944978377296082,3.01963070345128,5074296,3.94143345204931
"Alaska",2015,1.04139864306705,6.2,49.1889549449508,11.5950056200317,49.1113578809095,2.49461695759923,9.88692225397126,4.58540416830302,0.794388093658167,3.44162615278361,4.44740869141286,738430,5.41689801335265
"Alaska",2016,1.06790559876107,6.4,48.7294886038447,11.8031175302158,48.7597885735448,2.52513214153453,9.8987981012019,4.73191260142073,0.828872504460829,3.51008315658351,4.54351412315254,742575,9.42665724000943
"Alaska",2017,1.07154954971976,6.6,48.836208118135,10.9096969836015,48.4194644141634,2.54688704059337,9.9500258440477,4.89282480164862,0.879507357118854,3.57187681768678,4.67419630409874,740983,10.7964690148087
"Alaska",2018,1.06974521601251,6.4,48.4939399205022,10.6921577358327,48.255555072873,2.56060079497817,10.0818056430418,4.9345391950303,0.904396272725298,3.65505332435544,4.73932426855492,736624,9.50281283259845
"Alaska",2019,1.04279835278754,6,48.1399339969984,10.4856441426766,48.1580636938508,2.56010403447096,10.1646258262303,5.01142988782761,0.94328949036468,3.73567174616243,4.83013291930377,733603,9.54194571178144
"Alaska",2020,1.03557945377618,5.4,48.1523980008814,13.5010089736575,47.8211217276576,2.55183695968062,10.3615250169527,5.0692910442161,0.968178103293252,3.85238285604354,4.9429476220558,732923,12.2795982661207
"Alaska",2021,1.05287244852094,7.1,47.5086558918633,12.422941450485,47.7461991713226,2.55100234001923,10.4333802790044,5.10227709205619,0.990353890452231,3.91769343296349,5.04997398465231,734182,9.53442062050009
"Alaska",2022,1.08372195102667,5.1,48.7605356176465,11.5599734454043,47.6352369125239,2.54217995782345,10.4841578935172,5.17228452676793,1.00874747642734,3.95497169372791,5.13929575794423,733583,6.81586132721178
"Arizona",2015,0.984807129131353,6.4,46.2824665108499,4.85074222757548,46.1538810533294,3.04817490900523,2.82530906025486,2.54331673206192,0.138654521346269,1.05185128812304,20.3867662059972,6832810,6.14681221927728
"Arizona",2016,0.981890393155019,5.7,46.3736508366659,5.99413918422317,45.9351192055831,3.13333766273224,2.82450080758649,2.63707911294936,0.139831905087672,1.08740869204107,20.6801034505549,6944767,7.05567227813403
"Arizona",2017,0.947207242588345,5.2,45.5134357005758,5.46148118468441,45.7502942642033,3.20529482605779,2.82621329359111,2.69220531866231,0.143655981593873,1.12199223392216,21.0097121375329,7048088,6.24282784210413
"Arizona",2018,0.938551927716427,4.9,45.6876163070187,5.27395275527245,45.6401303811101,3.28533653591148,2.82989318597901,2.72185642332991,0.145891504290483,1.16207915214312,21.3420482988537,7164228,8.5145252216987
"Arizona",2019,0.912663643471205,5,46.4785103025394,5.11409804078338,45.5059578216371,3.3658843175861,2.82388142476463,2.7776791134971,0.148700403999373,1.20423602098948,21.659092221267,7291843,4.79988392509274
"Arizona",2020,0.947779111895457,4.8,48.4287270804239,9.26829084854852,45.2627687991395,3.4515037236368,2.78595526454736,2.82364358602847,0.149847986258387,1.25307401465443,22.0571806767825,7179943,6.26745922634762
"Arizona",2021,0.952941116552971,6.4,48.3179137100325,7.76011761795829,45.0751747070184,3.51297069447976,2.76837446800545,2.87604318696655,0.151881442727798,1.29509419085829,22.4008197248212,7264877,5.09299744510471
"Arizona",2022,0.961789717003091,3.6,48.4030119046956,7.25213634041866,44.8199851152239,3.59486231989713,2.7615377058122,2.97112578994692,0.15541097758356,1.33880095885461,22.7661115744014,7359197,7.06598831367064
"Arkansas",2015,1.02727359373259,5.5,44.8419186691958,8.63654852181337,57.9544066379124,11.1475797152227,0.563137892938023,1.1422168168144,0.165484681172669,0.939010622431816,4.36525835209341,2979732,1.67800325666872
"Arkansas",2016,1.03482334302088,4.2,44.9387411989043,8.89139201454635,57.7818481423484,11.2098843010012,0.573765423329985,1.18737288234734,0.183132981150238,0.967439497428818,4.48366626947188,2991815,5.01367898750424
"Arkansas",2017,1.03100848742699,3.8,44.6362091379244,7.91080128701286,57.6382681587493,11.2389246484934,0.583416975852696,1.21334085699876,0.199243971496627,1.00008156185968,4.6251899642293,3003855,3.9948665964236
"Arkansas",2018,1.02949344341156,3.8,44.5301894553445,8.24786590092628,57.5419441391081,11.2807715125453,0.594423737642178,1.21782998983122,0.212405644983784,1.03301251161541,4.76010412458033,3012161,6.63975132803326
"Arkansas",2019,1.02582435861151,3.7,44.804029149433,7.32688179517608,57.4287194408446,11.3234259686824,0.601393254186962,1.24313758591982,0.225125248884056,1.06313007181433,4.90022294053099,3020985,6.95137513095894
"Arkansas",2020,1.01221055704757,3.5,44.9816285940359,10.7737223371414,57.1523076642354,11.3712616469737,0.611008909509836,1.2951053266295,0.238571160790858,1.10779163259179,5.11121543231277,3014195,3.64939892740848
"Arkansas",2021,1.00755517776364,4.9,44.0517257891195,9.53416011640218,57.0370348354525,11.3375881156704,0.622597108042543,1.32702711449539,0.245994051758813,1.15180299869028,5.30398048691565,3028122,4.29308990853077
"Arkansas",2022,0.992239061976197,3.2,44.6253115522303,7.8587829081404,56.8778222749461,11.2789212897006,0.630771165440924,1.35580832515497,0.258172592465878,1.19213156393884,5.51726945791636,3045637,5.25341660874228
"California",2015,1.09095920923489,6.8,48.3090659190954,4.52669545800289,32.0761953898356,4.45573671349817,0.335417970293049,11.3949626539958,0.282516357576551,1.57317844795341,26.4428869243643,38904296,4.88377941603159
"California",2016,1.07843877009346,5.7,48.3211221811866,6.07207260963229,31.7543128482927,4.45501727673214,0.333899662690305,11.6170231483229,0.284368620078078,1.60893000431733,26.7312965332153,39149186,3.55052082053507
"California",2017,1.08328417576129,5.2,48.5734949235195,3.99135335149145,31.4217361246954,4.461641650642,0.332802164636367,11.8268707808536,0.286627729548067,1.64558324776039,27.0186386955951,39337785,4.06733627732217
"California",2018,1.06629577059762,4.4,48.6769496303553,3.28908581163043,31.1121255441812,4.47351037768327,0.331271309211751,12.0172030335724,0.288512473533097,1.68385324380526,27.3373010834901,39437463,2.94136567557604
"California",2019,1.06413649305828,4.3,49.1081482878907,3.14580929219595,30.7846520111132,4.48721917986409,0.329512868553647,12.2009244475007,0.290702200260107,1.72058093784081,27.66703154679,39437610,3.42312832851686
"California",2020,1.07813209740868,4.3,49.5942005262413,4.05313164995905,30.3481198622245,4.50535070013399,0.328292590692344,12.3413949284603,0.291683996110239,1.75951877254352,28.1019176589901,39501653,3.72136325535542
"California",2021,1.09518968542797,8.7,47.8521812500225,3.77097652041971,29.8783861458109,4.49608973417489,0.328559460364181,12.4924510750852,0.294374540770275,1.78900227629514,28.6153452095677,39142991,3.57663010473574
"California",2022,1.10534786879061,5.2,49.1937604277315,3.66901650558188,29.484632356856,4.49200757727353,0.328857709156357,12.7669433935115,0.296576867731975,1.83427125161372,29.0027820607378,39029342,3.27958385770378
"Colorado",2015,0.980322415520299,4.1,51.5689558823745,8.3248018821017,55.6922502643772,2.98007380560905,0.503160059314365,2.40218410040614,0.0958138197776151,1.20141289632747,14.055131997929,5454328,5.31687863289483
"Colorado",2016,0.98541733858312,3.3,51.6365900627795,9.74980536970376,55.6482469564439,3.01153856421645,0.50647168282513,2.46864810770289,0.0980907832182868,1.24442534818801,14.2206382430674,5543844,5.59178793631278
"Colorado",2017,1.00223928382793,2.6,51.8370440812608,8.84738743989457,55.6054103831634,3.03382993726124,0.509789100727896,2.5253937705577,0.0993872454993137,1.2857857725102,14.4350761675153,5617421,5.51854667827104
"Colorado",2018,1.00629173684058,2.9,52.9499197406425,9.21108869251407,55.5306815419275,3.07063788856017,0.5135896776549,2.59253960968238,0.101278620644866,1.32827700843667,14.6725163700128,5697155,8.07420545868947
"Colorado",2019,1.00720918658133,3,53.5522705099917,8.15379250726667,55.5613402550601,3.10079767494442,0.516819872445639,2.63022259670337,0.105131800268334,1.36935298618422,14.8933591225194,5758486,6.25164322705656
"Colorado",2020,1.03062042070126,3,54.2134172534709,11.7635761595128,55.4521151314681,3.11934677818756,0.511680047848999,2.67721027197696,0.108403566893955,1.42623898742667,15.1492040004391,5784865,7.26032500326283
"Colorado",2021,1.02558860784434,6.3,53.6636313717919,10.8204932564968,55.4004553544587,3.14716318921576,0.512398523083573,2.73078453914849,0.112401758161732,1.48113235307024,15.4135815120101,5811297,7.05522364456678
"Colorado",2022,1.02792398396829,4,54.786790106587,9.0469468277509,55.3310949488059,3.18738627852476,0.518516844220286,2.81051506474568,0.114984333705598,1.53395779330081,15.6886405752402,5839926,6.84940185885917
"Connecticut",2015,1.02157940188282,6,52.9934143518809,8.57586090914993,56.2921739382443,7.54614454094552,0.156051408907359,3.42468750008708,0.0272532639127494,0.871686450362694,10.4430160167265,3588561,0.557326460383424
"Connecticut",2016,1.03273060452591,5.2,52.6815519172698,8.87449962707726,55.9965696695094,7.65771000298897,0.157046563663638,3.50714978085552,0.0266213758753907,0.90247302246196,10.737437252607,3579830,0.838028621470852
"Connecticut",2017,1.01920832909129,4.6,53.8175001762078,5.08426648885528,55.6651648913497,7.76947767530999,0.15917438531445,3.58255643404626,0.0269066523761203,0.933677619147244,11.0613191979244,3575324,1.39847465572351
"Connecticut",2018,1.00963446979923,4.2,53.3845694618164,4.9709600703415,55.2745358101317,7.88152727006197,0.161670202298968,3.66825464721402,0.0265766901166325,0.958803053018259,11.4369848493284,3574561,0.279754632806658
"Connecticut",2019,0.987655151875115,3.7,54.2245392765384,4.84952139947538,54.958718706727,8.02342217742908,0.163711833522059,3.74035830401495,0.0269487961655873,0.990010717825072,11.7021151299684,3566022,1.12169807140842
"Connecticut",2020,0.997675518894123,3.8,54.0250327879151,6.09410451325166,54.2151165214955,8.09259674172352,0.16423145627268,3.79722696798376,0.0271309920992105,1.02386137397348,12.0200024351177,3597362,1.38990738213168
"Connecticut",2021,0.963471699571254,7,50.1390562061956,7.65174817261902,54.065996845465,8.19146895625739,0.165730379717141,3.8826446759978,0.0270467563901412,1.07118954670464,12.2947930854139,3623355,0.551974620206963
"Connecticut",2022,0.957199055210613,4.8,53.9591390999681,6.36207826088155,53.6067045299425,8.33711828206072,0.168578444958297,3.94751537764688,0.0278252332672863,1.10506714319792,12.6475475048984,3626205,0.275770399081133
"Delaware",2015,0.887412227394076,5,48.634436052714,5.3516477100837,52.4014797280442,15.999320641357,0.256564037513335,2.9835520903547,0.0260066980516206,1.05916258432274,5.62763715879478,942065,3.18449363897396
"Delaware",2016,0.898957777405844,4.5,49.3325712192457,6.25586190998001,52.2024991868327,16.1841873958541,0.25621349299834,3.03666674035173,0.0258950366793721,1.09780218507793,5.71827673794118,949989,1.05264376745415
"Delaware",2017,0.916548183501715,4.7,49.1672773508208,5.28622818500494,51.9798693449081,16.3470230974318,0.255652221115683,3.07325495698069,0.0262020038791493,1.13963058306244,5.86549081259617,957942,6.26342722210739
"Delaware",2018,0.898669576053403,4.1,49.4377885903091,4.93523684441848,51.7505442173353,16.5236275640263,0.256880923695817,3.13882842029608,0.0259569693428543,1.18409282460431,6.00764231089417,966985,0
"Delaware",2019,0.899998771332735,3.5,49.4812976364537,4.75361125786859,51.5047078434023,16.7079294089701,0.255869957856713,3.2245348470514,0.0266211240667248,1.22979354294397,6.13627148631879,976668,2.04777877436345
"Delaware",2020,0.926304839967988,3.6,48.6156832783329,7.76695016903299,51.1354541917562,16.8130880120631,0.252591940039149,3.27139824657247,0.0266098452395592,1.28009482781213,6.37729131934435,992114,2.01589736663327
"Delaware",2021,0.922565228944464,5.7,48.8424145134339,6.87375784603411,51.0260179318018,16.9575848894365,0.255073859955195,3.30371902265808,0.027169396710015,1.32264205961941,6.53637962315151,1004807,1.99043199340769
"Delaware",2022,0.919092376639343,4.6,48.7697320099451,5.72694708148893,50.6804818557811,17.1425457287735,0.254419695285527,3.3706927364208,0.0258249246854858,1.37029210641047,6.71899732520552,1018396,1.96387259965672
"District of Columbia",2015,0.583444360087088,7.4,56.9641100479458,0.109598915236613,32.4981462717167,36.6856519953797,0.182418679672798,3.57053177630005,0.0375176879650938,1.50528644902469,7.91711840523239,677014,5.9082973173376
"District of Columbia",2016,0.536667946525184,6.4,57.1075779259311,0.127258659406378,32.6694067274018,36.2511198762028,0.18397966188465,3.68133849930771,0.0402864556063621,1.50805147358256,7.98326294111487,687576,7.27192339465019
"District of Columbia",2017,0.548001015666804,6.3,55.9602283241928,0.220921875425884,32.9015793044978,35.6530608438929,0.177598234920289,3.77460804299082,0.0416021713464328,1.53024262673241,8.01501694929843,697079,2.86911526527122
"District of Columbia",2018,0.558122096664475,5.9,56.0985135206143,0.460699257399378,33.092379858183,35.2156580941196,0.178087814050191,3.82306535425131,0.0400484557911913,1.55109657500494,8.10583585529726,704147,1.42015800677983
"District of Columbia",2019,0.521000264029944,5.9,56.0510156681299,0.836706657084404,33.2789271630336,34.7819211496457,0.177055374280095,3.87093312700405,0.0393927028900689,1.58516801199571,8.20074182530819,708253,1.4119248347695
"District of Columbia",2020,0.567920962096866,5.5,59.9919805386455,1.71196122038911,32.6535175325101,34.6492901733277,0.173506561648491,3.83428632756369,0.0509787320307423,1.5991223310696,8.36975381148005,670868,1.49060619972931
"District of Columbia",2021,0.572675170568982,7.3,55.9327203864885,1.93034894309283,32.974127941315,34.3566226220149,0.178082539986334,3.93501108717073,0.0508380046980297,1.67735510794852,8.28764143058145,668791,10.4666480260649
"District of Columbia",2022,0.616252085804916,6,57.1121295975159,2.39683359556299,33.1750528056588,33.8055947949027,0.18338709413325,4.04687088327977,0.0509077810012757,1.74247510058752,8.46721434706305,671803,4.4655948246733
"Florida",2015,0.816504741479484,5.9,47.424800229842,5.67325635632546,46.4661873610566,11.4434259745644,0.209727321839224,2.14560373104436,0.048810256791211,0.862911331759344,18.5240389649179,20219111,3.0169476788569
"Florida",2016,0.828952515550192,5.1,47.2526494944524,6.95846952260257,46.0849216014728,11.4640753873144,0.209722707893452,2.19803069116819,0.0496043168554276,0.884689500586046,18.9238335701481,20627237,2.90877542154579
"Florida",2017,0.826091742281305,4.7,47.1744482754495,6.08544398128835,45.6988860561158,11.5013193680019,0.210505852361116,2.24483006197857,0.0499545003598926,0.905454517545309,19.3440043087008,20977089,2.71725023429133
"Florida",2018,0.82832563143245,3.9,47.2158548093745,5.66054664222308,45.3495203888266,11.5503766044634,0.210666459153986,2.2802525870944,0.0505812158555621,0.929944427941081,19.7455780368278,21254926,3.01106670519577
"Florida",2019,0.796712980833476,3.5,47.3689301758752,5.56270186528455,45.1271204579031,11.6021612822896,0.211115213919041,2.3162418709499,0.0513585112564382,0.954222341501437,20.0376315788494,21492056,2.93131564518537
"Florida",2020,0.797050357852822,3,48.1115492541271,8.85705998656205,44.7381151352396,11.6650320835002,0.210606013024233,2.34491122161492,0.0527615099157456,0.988851021894707,20.4082548626881,21589602,4.30762920039008
"Florida",2021,0.801490961019044,5.9,46.4828015707665,7.84166936617252,44.6376177388847,11.6662083118759,0.212561175246422,2.38957005312747,0.0533441597605359,1.02224342428091,20.6190707936648,21828069,2.29062863966574
"Florida",2022,0.800186182645733,3.5,47.6324536275249,6.6295425232199,44.3795844093702,11.6236843062316,0.214688154632653,2.45058816606453,0.0544036695639251,1.05647502791998,20.9066262293928,22244823,2.78716535528289
"Georgia",2015,0.97973624208058,6.5,46.5233995129109,5.56738040996909,42.870702802898,22.7869445358518,0.179773793562886,2.9420957910425,0.0448084241015705,0.864626808085706,5.76824745248446,10183353,2.84778500755105
"Georgia",2016,0.995882791987383,5.7,46.1011470016517,5.94643691064081,42.5495045711078,23.0048536917606,0.181307708769182,3.06997895511271,0.044594517774849,0.894170040438701,5.89659426710651,10308442,2.61921248623216
"Georgia",2017,1.00623680586148,5.2,48.7037141388943,5.19970613507822,42.2791196455113,23.2487644512146,0.181904037724377,3.16566207780317,0.04563680380715,0.923727691700255,6.02344372403231,10417031,2.78390263022161
"Georgia",2018,1.00851865065547,4.3,48.7336289208432,5.22399162156661,42.038867466542,23.5005854427477,0.183812957197419,3.2457398428749,0.0466091709318859,0.954513612910408,6.17434149454878,10519389,4.18275243932894
"Georgia",2019,0.988236755294025,3.9,48.2672877920817,5.07256290447327,41.8154557481074,23.7361239440648,0.185490806377858,3.33462865143272,0.0476570424218246,0.987945073494404,6.31917327968897,10628020,3.48136341482233
"Georgia",2020,0.97373415491842,3.5,48.4932656888815,8.42543794737437,41.3996850648491,23.9295354967479,0.186787709924148,3.419989584176,0.0483418746321003,1.03028678558501,6.54441991055215,10729828,3.72792555481784
"Georgia",2021,0.976823477207931,4.8,47.999110866313,7.4796980986981,41.1747039241367,24.0574344025215,0.189098490558377,3.50703543714983,0.0497032405085303,1.07089070672687,6.7275310439006,10788029,4.72746226395943
"Georgia",2022,0.978110628215697,3.1,47.7466526697454,5.51098537177551,40.8035150403982,24.2688911703936,0.188831981596785,3.64462127123959,0.0509581525530025,1.11126526132983,6.93043703602973,10912876,4.49010874860119
"Hawaii",2015,0.767393371323522,3.8,46.934326728269,1.07449126808944,19.3949538966647,1.49634679996261,0.182642433339728,31.3039573464212,6.97245746483307,12.6266427453568,6.34884493945533,1422999,1.40548236506139
"Hawaii",2016,0.76493209740462,3,47.2886201478775,1.16741375268129,19.2380772420454,1.54008195201153,0.179720551338981,31.3243543042302,7.00189308446796,12.7093502976097,6.47959772829864,1428885,4.19907830231264
"Hawaii",2017,0.775724997773122,2.6,48.9064451805805,0.893696918772615,19.0404015253587,1.55551799282209,0.178360639180565,31.3350114991061,7.04822610770514,12.8663740046558,6.55880395269059,1425763,2.10413652198858
"Hawaii",2018,0.74344635872903,2.1,48.6464779053083,0.989950123041075,18.8829753594612,1.57571277392625,0.181785985825331,31.2987403573321,7.10946931421641,13.0075005164774,6.64885580935168,1423102,7.7295935217574
"Hawaii",2019,0.790469160047047,2.8,48.4448808468404,0.894734797243601,18.7175891750229,1.58404650982082,0.179215394016028,31.2958678736803,7.15787837794881,13.1604285063382,6.75381371347436,1415615,4.94484729251951
"Hawaii",2020,0.778061022312916,2.2,47.5249182829179,1.38534833219967,18.4725056390472,1.61311553137984,0.179526037477869,31.3059640548213,7.12845863285926,13.3013287683411,6.8667158726516,1451043,1.37831890578019
"Hawaii",2021,0.789826100055696,9.5,46.2670178847586,1.22357399419827,18.5003807473151,1.58324545970919,0.182841632611318,31.3822164054413,7.16696357125779,13.3969847023883,6.95088428736679,1447154,4.14606876669656
"Hawaii",2022,0.813083774708443,3.2,46.2624531660968,1.30829414885196,18.4754713941714,1.59693541712378,0.182822338070651,31.4181541956789,7.21658718674403,13.4021341539624,7.06306641596005,1440196,1.38869987140639
"Idaho",2015,1.1001546146887,3.8,47.5045310273253,8.28722628510222,62.8291764876747,0.445568670404449,0.817067525166491,1.05495024190693,0.118124411874166,1.04212115619109,7.43354745400137,1652495,4.23601886843833
"Idaho",2016,1.10864613345558,3.8,47.8209491958604,9.28382766164144,62.7380887344451,0.469467398559176,0.818569199233271,1.10781479730837,0.121315696339033,1.0848342909534,7.64229505782537,1684036,3.56286920232109
"Idaho",2017,1.10132606869042,3.5,48.0833495663601,10.5887210022416,62.726857760889,0.491351915545619,0.818377143122963,1.14144829611367,0.125192979191682,1.12132903424636,7.81330953135494,1719745,3.48888934115232
"Idaho",2018,1.10383465538556,3,48.6286538125673,11.8328335447019,62.8383846800991,0.510880248208694,0.815376519484908,1.15075048200019,0.130074414665134,1.15834148557652,7.99007347863161,1752074,7.41977793175402
"Idaho",2019,1.08045565827865,3,48.9609627402099,11.6974835947369,62.9373525762132,0.525862743563659,0.815847428258415,1.16619900953573,0.132471800833957,1.19118419728796,8.18351536561099,1789060,3.91266922294389
"Idaho",2020,1.04856040605623,2.7,48.7080373047401,15.2111018698877,63.1464815633987,0.554455381294201,0.813648265576178,1.17731864880094,0.13714023670751,1.2647076955357,8.39951503405253,1849202,3.24464282431016
"Idaho",2021,1.02609128536575,4.1,48.0153483091549,14.3758854894729,63.1866383380052,0.565085379827066,0.805014299112436,1.19775415188882,0.140155457555844,1.30755747213957,8.6012600863093,1904314,6.82660527623071
"Idaho",2022,1.0139074476814,2.7,48.4617332453857,12.1434240675636,63.1839685038883,0.579051516915906,0.801636692103744,1.22509518919998,0.142338990620583,1.344587740384,8.82460484169171,1939033,3.6100468635655
"Illinois",2015,1.06395346350602,6.1,50.449746239867,9.70014195636951,50.1381731992129,10.5964228239092,0.119529518254283,4.22305229912163,0.0212759587498352,0.766097817309034,11.0951636464163,12859585,1.63302314965841
"Illinois",2016,1.07115205937056,6.2,51.3138225177315,15.0063458779169,49.9712323840761,10.6151761828318,0.120592348492701,4.3211322297207,0.0215649879434949,0.794979826792201,11.2924649904315,12821709,2.02781080119663
"Illinois",2017,1.08232518065683,5.3,51.3774958835727,12.5281721842272,49.8008864393466,10.6258244885149,0.121221672200229,4.43632039798768,0.0218624678626026,0.825711138583085,11.4993216296881,12779893,1.48671041299016
"Illinois",2018,1.10454600644338,4.6,51.512567894608,22.2516078001145,49.6274367499078,10.6560594623757,0.12203052570653,4.53515352246441,0.0222716711651408,0.855879732975708,11.7260034334838,12724685,1.57174814150606
"Illinois",2019,1.10033798802038,4.6,51.9387240105543,39.0744719139479,49.4696186166009,10.6981462170612,0.123257117283414,4.6082830709077,0.0224993777145795,0.888559634837468,11.9483142716237,12667017,1.02628740452468
"Illinois",2020,1.09513255303607,3.7,50.8941249341106,58.3038232271647,49.0004754985305,10.7427083708075,0.123723466321722,4.68954169136704,0.0229068288784022,0.922920749723538,12.3495180102889,12786580,1.01669093690416
"Illinois",2021,1.13065345447973,7.2,49.7130525444077,66.7995562831549,48.8417068610659,10.7676060218174,0.124833789449216,4.76654299947448,0.02345806386316,0.95779211693971,12.638552145597,12686469,2.20707590110377
"Illinois",2022,1.13519024589987,4.8,51.4467456449006,35.5749770784242,48.6554874443174,10.7638654869102,0.126394528324201,4.88134190089486,0.0235812466539586,0.995514873909079,12.9346436251315,12582032,1.90748203469837
"Indiana",2015,1.01626846306751,5.4,49.0605377767815,16.2886855847786,62.7952419457056,6.65320818060568,0.181624523061686,1.59804774813119,0.0248811076312853,0.798796994664704,4.06555786165862,6611442,2.87380574464693
"Indiana",2016,1.01869597875713,4.6,50.0820440446659,21.6442765465815,62.6073193652569,6.72176643871298,0.183341172160223,1.69282504792933,0.0257009071245144,0.835400001627021,4.17895845944002,6637898,2.10910140529427
"Indiana",2017,1.023706152504,3.8,49.8412805152995,12.4639526345273,62.4425628798745,6.79584777579574,0.185347852948964,1.75383979869314,0.0269435856854058,0.869399711921283,4.30118695876416,6662068,2.8519672870346
"Indiana",2018,1.04098227642954,3.3,50.0933569864571,13.3783763811527,62.2198674595031,6.8916072166212,0.188221777444767,1.85083752570172,0.0276480593137459,0.906489098050737,4.44129049556161,6698481,2.68717639118481
"Indiana",2019,0.990638849147453,3.5,50.5984094511819,21.5504805370962,62.0413132650226,6.97546133492596,0.190476614950802,1.917082280371,0.0280789955742155,0.944627923595419,4.58736504625606,6731010,2.37705782638861
"Indiana",2020,0.959227103350681,3.3,50.1739998488687,28.5114789817757,61.721741945814,7.05109990736211,0.191270944978633,1.95392439811519,0.0291656889532302,0.987759396028664,4.78977209370906,6788799,3.68253648399371
"Indiana",2021,0.974531271005992,4.7,49.3504543605284,26.6459598340479,61.5533323979399,7.12821191710848,0.192822166242119,2.01544514651138,0.0305421622735462,1.03320862072711,4.95433205567979,6813532,3.08210191131413
"Indiana",2022,0.944382417364343,2.9,49.3194168273931,16.1720183865534,61.3063122591024,7.18858978811325,0.194262082877643,2.08901254303174,0.0318160138749432,1.07435390734749,5.14017412755119,6833037,2.48791276850982
"Iowa",2015,1.0533088276503,3.9,54.596496891474,4.71760018523376,68.1501379805742,2.28301245684204,0.209861135530326,1.80471609500083,0.0571009315810425,0.685403330172446,3.42656829806238,3122541,1.60125999946838
"Iowa",2016,1.05833953038577,3.6,54.5363381324584,6.45590305150309,67.8830017777295,2.37654035318411,0.212465809824429,1.87283967560425,0.0636408028826667,0.714794092958978,3.53883078376489,3133210,1.59580749455032
"Iowa",2017,1.06847462285295,3.3,53.9656344970662,5.12069405363176,67.6237875087396,2.47664083538874,0.214044826947827,1.94463017545378,0.0692488613858552,0.74551472866343,3.6425155563416,3143734,1.59046535107614
"Iowa",2018,1.05400171434014,2.8,53.8108511381314,6.00523826153211,67.4434743960126,2.55801771484809,0.216705292231499,1.97926918314867,0.0775897647544366,0.785231277183403,3.77065938601225,3149900,2.85723356297025
"Iowa",2019,1.05108374614982,2.6,54.7037026252723,5.78561309737068,67.2380582834008,2.6510351323397,0.220534524034085,2.03703258264664,0.0881758300744779,0.823333109676047,3.90075186827683,3159596,1.58248079817799
"Iowa",2020,1.05435672799634,2.6,54.4369017332634,8.48167929815698,67.0595012616864,2.69566168563558,0.222938151196134,2.03474550480149,0.0970045800579269,0.864578785427436,4.07055664957777,3190571,1.8805411319792
"Iowa",2021,1.05294792583019,4.2,52.2113939160437,8.33971033455724,66.9077261734959,2.79020254940365,0.22957204406057,2.0587367939784,0.113050393581114,0.904590784156933,4.23027380086056,3197689,2.81453262027671
"Iowa",2022,1.06420306469236,2.7,53.2514278161934,6.83336473451008,66.7088785968017,2.85947551598695,0.234055935337947,2.08866255045669,0.127041974780949,0.942847671173126,4.40241373503093,3200517,1.87469711924667
"Kansas",2015,1.13202348424804,4.3,51.3298956923672,6.3853339228788,59.8732202409235,4.25341934650466,0.608647285187808,2.2153304495078,0.057752093384551,1.20348354030983,7.01297996335611,2910717,3.09202165651968
"Kansas",2016,1.1366378793928,3.9,51.4203853995414,6.74732412923274,59.7154388791947,4.25011937959002,0.610715429610326,2.30884074951501,0.0605909349782027,1.24353882643083,7.17650705789987,2912977,3.43291416307098
"Kansas",2017,1.15462889038824,3.9,51.1395132488598,6.57705610513891,59.6428517444137,4.24395683522439,0.613729399785358,2.33285879379929,0.0639666466498929,1.28874585522239,7.33988069636386,2910892,4.12244768957419
"Kansas",2018,1.14222033625978,3.5,51.0710504307273,5.9066901771111,59.5551005442283,4.25354338926677,0.615741560890266,2.38637190721614,0.0686636811698094,1.33396366592647,7.52797701689264,2912748,2.40322884094333
"Kansas",2019,1.13471135243517,3.4,51.4209298453119,5.7339831458456,59.4749084591787,4.257656726641,0.624417408978468,2.40380274219049,0.0702456710161074,1.37830521160393,7.70755690294184,2912635,3.08998552856777
"Kansas",2020,1.13890137883311,3.3,51.4336508256354,8.49543503411769,59.1937354297378,4.31996253130192,0.626531909150661,2.41266011758663,0.0736235410166175,1.43421244765428,8.01182741934002,2937919,2.3826388678517
"Kansas",2021,1.14264435883594,3.9,51.1244682466042,7.83438089915253,59.1329177561555,4.33180322690664,0.633168613734469,2.43403330653435,0.0763805165691941,1.47284373104528,8.23190676947856,2937922,3.74414296907814
"Kansas",2022,1.14634935226325,2.5,51.0208535485079,6.5333741892651,59.0253817476125,4.31670156444172,0.63663755681528,2.44577226222699,0.081882096590232,1.5102054712902,8.46293175357064,2937150,4.08559317705939
"Kentucky",2015,0.990037312101755,5.3,44.7374267519145,72.6637941661628,67.0181205050387,5.92563860228858,0.169830345761218,1.05117804280122,0.0403917161083248,0.778708937158257,2.13927081776405,4429126,3.61245085373503
"Kentucky",2016,0.979887422173156,5.2,44.9718780642595,82.8061624581729,66.8980020746318,5.97287664408714,0.172285423572159,1.0981675587223,0.042564634059004,0.81359257672782,2.19743864499429,4440306,4.0537746722861
"Kentucky",2017,0.996052150220285,5.1,45.880859773902,104.17206251024,66.7798428490952,6.04368893906307,0.17261462567247,1.13601116799346,0.045740294775776,0.84671165883755,2.28562322834911,4455590,3.81543185077622
"Kentucky",2018,1.00419485994696,4.2,45.8704026389067,110.038991791049,66.7109067926625,6.08874054073306,0.174787697795363,1.14672646587697,0.0478689363307307,0.879359304415299,2.37196515535676,4464273,4.48001275907634
"Kentucky",2019,0.975550857547886,4.2,45.9201604527379,92.1416393413299,66.6310850348084,6.1592520255034,0.175702008677774,1.18085702243454,0.0509128879815846,0.916409624033924,2.43071587724113,4472345,3.35394518982771
"Kentucky",2020,0.978603177631674,4.1,45.9655303614354,73.8880230374414,66.4439388611508,6.19927697398415,0.176241751147269,1.20720275011675,0.0536223958362221,0.960987876723953,2.52293705192188,4507445,4.43710350320414
"Kentucky",2021,0.986777360882033,4.6,44.5412705707132,85.3874404788189,66.3142123677131,6.23021092005506,0.177739749508997,1.24036161274081,0.0560068823671295,1.00364155684044,2.6234475786454,4506589,4.88174093532825
"Kentucky",2022,0.981980404715102,4,45.4907796671771,89.0122797414185,66.1352389352682,6.29318464378556,0.182589405426489,1.28182682484138,0.061121687118128,1.04799980497794,2.73505144814962,4512310,3.54585567037726
"Louisiana",2015,0.837369118221178,6.8,46.5443524938301,7.98399742189733,46.8834569888395,23.2704406558563,0.477180405905466,1.32537018443119,0.0295050479987349,0.695800598157531,3.41579319296901,4666998,5.78530352916372
"Louisiana",2016,0.846124170270687,6,45.5970782762052,8.37086171370371,46.7656951654503,23.3688986030941,0.482596244755248,1.35144892088728,0.0300127356533783,0.714602167838053,3.46432414950743,4681346,4.05866176095508
"Louisiana",2017,0.901218377922461,5.8,45.1139392935706,7.0437319855283,46.6702313148566,23.5120214871687,0.489764688286921,1.36269696232492,0.0301475948360101,0.736915055888591,3.49219981800182,4673673,4.06532506660179
"Louisiana",2018,0.864624982581012,4.7,45.2054154294719,6.58581397592428,46.5952684668074,23.6622324175412,0.495320991756799,1.37546763283988,0.0300142567719667,0.756423586918072,3.53870231216971,4664450,3.21581322556786
"Louisiana",2019,0.871136051143286,4.7,45.200003864083,6.05939739625205,46.4952015602309,23.7949803414776,0.501085699994741,1.39705921814573,0.0307838614425695,0.776723622534903,3.60701416937779,4658285,4.07875430550084
"Louisiana",2020,0.854317938698926,4.8,45.0832433296988,9.25554812213436,46.3578624767395,23.8021705780985,0.506743393331935,1.42867154635416,0.0297742915223456,0.812268469949678,3.71155354299021,4651664,4.29953668192716
"Louisiana",2021,0.909209184676875,7,44.78169686486,8.6737951087269,46.301245402626,23.8591013200931,0.516068602826221,1.44379911555796,0.0301484861569822,0.842255772408538,3.77813480501169,4627098,4.75459996740938
"Louisiana",2022,0.842003720501821,4,45.4591382021118,7.51176245430251,46.2438246706437,23.8473535485392,0.522216589499331,1.47000996243988,0.0308044828147367,0.872111072163749,3.88432764205627,4590241,4.13921621980197
"Maine",2015,0.959297207579877,4.9,52.1610897014366,7.12844350078023,76.488716407669,0.890604003617491,0.487924893423961,0.895344060407886,0.0202392901050186,0.879619110103243,1.0392762610432,1329098,1.50477993345863
"Maine",2016,0.931438332928034,4,51.6311804423469,8.37483900602545,76.5020099853792,0.942996874690396,0.491688357696338,0.941871042700556,0.0205651976810863,0.904793642501809,1.07884726813115,1332348,1.50110931978732
"Maine",2017,0.923830407496053,3.5,52.5916287788894,7.23118144732931,76.5587392185473,0.974962998121645,0.493732701575078,0.963433834203136,0.020737522113161,0.930193907061463,1.12798644649457,1335743,6.73782306925808
"Maine",2018,0.907379397264281,3.1,52.149093777213,6.96652471452247,76.6550533048086,1.01595152086786,0.49704392805735,0.989685275157579,0.0207443645098248,0.959165688522621,1.17265355493488,1340123,2.23860048667175
"Maine",2019,0.884995207204797,3.1,51.8757291364795,6.73413733401696,76.6150976764232,1.07626117390044,0.503132035934818,1.01956500739354,0.0206573188583488,0.983377545940242,1.23416334143279,1345770,2.22920707104483
"Maine",2020,0.866117074680413,3.2,51.2071002532347,10.0581787193348,76.5896108486847,1.10952457433023,0.502069220428629,1.03765372478012,0.0226613188887593,1.02195947804162,1.30386921852185,1363557,2.93350406326982
"Maine",2021,0.870583007439528,4.4,49.1439388108664,9.38058636197956,76.6990164372461,1.16080154628321,0.49984098608955,1.07534064555291,0.0241062183878168,1.06060099997241,1.37841099359733,1377238,4.35654549177412
"Maine",2022,0.861160437149003,3.6,49.196948041636,8.23552340941574,76.6502086130481,1.24994586166573,0.500743499790665,1.10492731026318,0.0246870804279094,1.09713139012806,1.47797652561826,1385340,3.60922228478208
"Maryland",2015,0.961171092462121,5.4,52.3440818845633,2.09891312188905,42.345648212716,22.5168856186362,0.192668381946281,4.90556276934833,0.0391582038190353,1.17718410935041,6.33070430663428,5988528,2.50478915686793
"Maryland",2016,0.951054883507846,4.5,52.369063897637,2.7528985282871,41.9704698540739,22.6862797389851,0.193823420421527,4.99957216680367,0.0394871728282971,1.21066806236842,6.48175616038185,6007014,2.49708091241339
"Maryland",2017,0.973261276277806,4.1,53.4429096912405,2.631952630526,41.5881991697005,22.8705285470621,0.195266038572798,5.09856530637907,0.0391991886116321,1.24939741408112,6.64299343119141,6028186,1.49298644733258
"Maryland",2018,0.960088233449236,4.1,53.904444326385,2.50688785934418,41.2489058122163,23.047562681713,0.19605594231063,5.16001498141474,0.0397374909241788,1.28487312386826,6.82165777662366,6042153,1.98604702661452
"Maryland",2019,0.989107431699729,3.6,54.522528164541,2.45770653253518,40.9072802204608,23.2178972788233,0.196202976934259,5.23257484697654,0.0394718110162356,1.32413887867687,6.98099440557269,6054954,3.13792639878024
"Maryland",2020,0.982957799068717,3.4,54.5069376442221,4.90123039814813,40.2736665962008,23.4536031121597,0.196299977078357,5.29449451297989,0.0393474702362873,1.36399163805511,7.24387089040458,6173205,2.26786571967074
"Maryland",2021,0.992289391556714,6.4,51.4850168674621,4.33635484670287,40.0319696304706,23.5939273897461,0.196109551858336,5.38278530951752,0.0397757915074798,1.41479380883975,7.40608718607329,6174610,2.59125677573158
"Maryland",2022,1.0052460314113,3.7,51.4645738775537,5.2900565481308,39.6774842408178,23.7053138372595,0.195339240120299,5.47439761479141,0.0402293070501861,1.46557961022992,7.59796971771355,6164660,1.78436442561309
"Massachusetts",2015,0.985364584896412,5.2,52.9941960878466,2.46098409352637,60.5526250595073,5.21673901696569,0.140478447613852,5.04855914335363,0.0314086800351424,0.937626333508104,7.67834098616488,6797484,1.3240192989053
"Massachusetts",2016,0.975498295075052,4.4,52.6429852005484,3.31335465954231,60.1949092464349,5.32236849814274,0.141139663233381,5.23123410787312,0.0316377825429747,0.967896438991809,7.91417665600356,6827280,1.75765458572081
"Massachusetts",2017,0.97442143727162,3.8,53.7559954309425,3.00852618757613,59.8027262819878,5.41807749914039,0.142171118195222,5.41589204436182,0.0318930700685941,0.998563427725554,8.16662198625786,6863560,0.437090955713944
"Massachusetts",2018,0.970704588626897,3.7,54.7432076819853,3.06859703850868,59.4753489831129,5.50283775698111,0.143020628198649,5.54482319931685,0.032502047716143,1.0321215501066,8.43182702752944,6885720,0.435684285739182
"Massachusetts",2019,0.957521686734931,3.2,55.6961010070802,3.07932708937918,59.2164653120292,5.59818056376011,0.143483217916823,5.69927002387133,0.0335321135978667,1.06432552952675,8.61257544181678,6894883,0.725175467081892
"Massachusetts",2020,0.950579989590792,2.8,54.5412064989939,3.75347587077773,58.9132883792382,5.61248155839084,0.145217174650419,5.77845425401699,0.0339349909065946,1.08950761243038,8.80202763714832,6995729,0.857666156021767
"Massachusetts",2021,0.9485399209407,7.1,53.5566241135158,3.7090056926702,58.7881866005502,5.68139645678135,0.146773318988396,5.91245105290793,0.0345795020952288,1.13309746211921,8.97550535145336,6989690,1.57374647516557
"Massachusetts",2022,0.931541710123813,4,53.7472926710985,3.26452089337485,58.496708810431,5.75391715867175,0.147623007476109,6.06355738362818,0.0351476530849298,1.16772133496916,9.17979643006405,6981974,0.716129850956191
"Michigan",2015,1.01625821897325,6,47.8245420521632,5.04224527839043,60.5556323363783,10.3043812144024,0.430772290817751,2.28970143690416,0.0198903153792704,1.07909993907081,3.07782498596052,9934483,1.6105518525725
"Michigan",2016,1.01475600497764,4.9,48.3098802234292,5.82276659999074,60.4962348744746,10.3059367294959,0.434121881428559,2.40179013367032,0.020544263243038,1.11838146969741,3.17257673382782,9954117,1.20553133944477
"Michigan",2017,1.01726493752676,4.8,49.081685101524,5.14438967712137,60.4547953081323,10.3050371503672,0.437787769005384,2.49794722771499,0.0210890277717638,1.15803219324285,3.26054010363293,9976752,1.40326230420482
"Michigan",2018,1.00627938360832,4.5,49.3295175486113,4.90580724332917,60.4357379972898,10.3145939747795,0.441190930148591,2.56172697968197,0.0214672935169775,1.19990555992889,3.36193436334956,9987286,2.00254603703148
"Michigan",2019,0.968172105686697,4.2,49.7762047192757,4.92920485598352,60.4195579378445,10.3329412371511,0.445457317851794,2.5888864017739,0.022123638993089,1.24048615920507,3.47482346908474,9984795,1.30197966007314
"Michigan",2020,0.951380579343104,3.8,49.258375004233,10.6112798978547,60.2263034484964,10.4043595872994,0.445738683958621,2.61881904274628,0.0225133588034532,1.28968674652371,3.59684423685325,10069577,1.68825363766522
"Michigan",2021,0.970858890815884,6.5,47.5289374729016,9.67362005534444,60.2244043937616,10.3833981037517,0.451088238669693,2.64978225662475,0.0230635026397001,1.33469436226377,3.70869092555281,10037504,2.39103267107042
"Michigan",2022,0.940093060542571,4.4,47.9714649416446,7.86477090700493,60.2163340197584,10.3366186926538,0.455436369911322,2.71865584930128,0.0237988151020424,1.38296230070361,3.84096730822146,10034113,1.99320059481092
"Minnesota",2015,1.03391647194877,3.8,54.5657350234373,9.46834082117403,64.4491376917806,3.86732171140711,0.728464358692794,3.3529528253272,0.0320386462295236,0.982621815236391,3.14252255925508,5484002,2.18818300941539
"Minnesota",2016,1.03920830497922,3.8,54.7105708949281,11.7928786540605,64.1341559644982,4.00998305992732,0.726178927707878,3.46093286229314,0.0327580465345244,1.02080226446784,3.21653249743003,5525360,2.53377155515659
"Minnesota",2017,1.04052891548158,3.8,54.816212428063,12.2734650043821,63.8343032666862,4.15355082512417,0.726018052952238,3.54426234041258,0.034331169739444,1.05661716238877,3.30749936751284,5569283,1.79556327089142
"Minnesota",2018,1.05370846543319,3.1,54.7139636162133,10.7702555394577,63.5767572237866,4.3003785862192,0.726809231698546,3.62686097217176,0.0356584929080606,1.09469790303101,3.40572482840242,5608762,2.13950957448364
"Minnesota",2019,1.03633777909534,3.3,54.7949460758613,12.0983969476883,63.336567936507,4.46123467279474,0.727989612863567,3.70280208359744,0.0366663221072568,1.1363545697177,3.49200619214039,5640053,1.95033628230089
"Minnesota",2020,1.05116559938857,3.4,54.8461326142954,16.7848658774343,63.0533155675489,4.60318411055138,0.730561842933932,3.76535153625698,0.0378994061492312,1.18533720313591,3.61004103083583,5709852,1.40108710348359
"Minnesota",2021,1.07835617129107,4.5,53.4479996484268,16.5508850522046,62.9131444421236,4.72953465053048,0.734871979565334,3.82503911864387,0.0403223617873574,1.22936805597017,3.71445464749799,5711471,2.10103491727438
"Minnesota",2022,1.07797824943189,2.8,53.4638731235517,15.5853651028198,62.6925948159094,4.88403031982179,0.738597883153664,3.90074904008687,0.0418737616281022,1.27391387088469,3.83188646718384,5717184,1.57420156496625
"Mississippi",2015,0.907622187048425,6.8,41.7135666107401,8.43988307257867,45.0168231150035,27.0124615790553,0.340575694653691,0.795189401755249,0.0259177301017881,0.517852968549921,1.98586664374759,2990231,2.67537859115232
"Mississippi",2016,0.919883835825312,6.3,42.5172917095093,9.23431624810447,44.9416253287389,27.2134809293803,0.344212439330635,0.796998590581473,0.0264161479571791,0.534174637488527,2.01401393368209,2990595,2.67505295768902
"Mississippi",2017,0.94393437733434,5.6,42.6190885399077,8.42124551188127,44.8828257442971,27.3953964892195,0.348984877656341,0.807510280291332,0.0278198158675937,0.553687897778227,2.08113622547961,2990674,5.68433737679199
"Mississippi",2018,0.917234658194315,4.9,42.4734962430591,8.28991051933384,44.8012473854957,27.5638401691788,0.353215802585355,0.82842783766958,0.0279595652388179,0.570857885955146,2.13029090351972,2982879,3.35246585597337
"Mississippi",2019,0.896842315914804,5.4,42.6530952811858,8.00435964081986,44.8143475967413,27.6893601461541,0.361960320687443,0.843320539367886,0.0284061624584023,0.593809672667664,2.16541586655416,2978227,6.04386435285155
"Mississippi",2020,0.875211830673386,5.6,43.2010171252824,12.400659738667,44.7840045488028,27.802055412504,0.369083150532716,0.855368287042437,0.0300526580714036,0.636582231881442,2.17315537021393,2958141,3.38050147034911
"Mississippi",2021,0.883513821939757,6.5,42.5800773396673,10.9615044280791,44.7633667911361,27.862215239698,0.372425147122342,0.87296996934485,0.0312925271546583,0.65971970303629,2.2370258063335,2949586,7.45867386134868
"Mississippi",2022,0.877534006993742,4.1,42.8249180202969,9.68906385148315,44.7627716061287,27.8714664375555,0.377509687737347,0.892907858589136,0.0328565058432541,0.688354001299975,2.31128172004828,2940057,4.42168298097622
"Missouri",2015,1.01194799825065,5.6,50.2417861112606,9.62692071367682,63.1950661444962,8.49106340295331,0.332306736120404,1.49459847243256,0.0785461263443741,1.010976870536,2.51015116508167,6075411,3.45655627248922
"Missouri",2016,1.0023994547052,4.5,50.3752020887207,10.3805473435922,63.1434169968598,8.52305485912561,0.336524507402587,1.52807637804479,0.0805892388330796,1.04319478135018,2.57486640146147,6091384,3.44749239253345
"Missouri",2017,1.00222830122548,4.2,50.0296823206273,8.59008649762034,63.0763221804823,8.542175894094,0.341477590502443,1.58226077178615,0.0850216857660019,1.07798857934261,2.64936801528689,6111382,5.07250242252898
"Missouri",2018,0.990371182696141,3.6,49.7352589444377,8.09965938544424,63.0320735306937,8.56102185019685,0.345772909046805,1.6188740881876,0.0889489463410462,1.11250662342356,2.7283771134965,6125986,3.91773667128851
"Missouri",2019,0.973540320577805,3.3,49.8205920551749,8.10780924928446,62.9823262858329,8.5638000317565,0.350314918634145,1.66592975299142,0.0934943957918565,1.14647482483033,2.81009205313921,6140475,4.5599078247204
"Missouri",2020,0.974000966526151,3.3,50.2339454773953,11.5077060473533,62.7541152922052,8.59371420010211,0.353282532753504,1.71743637225751,0.0982613254017957,1.1988629180575,2.93565256277301,6153998,4.06239976028591
"Missouri",2021,0.974906411415692,4.9,49.4118712967941,10.2789172396031,62.7351222231173,8.57104004442267,0.358032961399379,1.74825112487019,0.102353017258356,1.2424181374409,3.04222665706942,6169823,5.02445532067938
"Missouri",2022,0.976050820683925,2.9,49.4306289279773,8.59397370360461,62.6860303495152,8.51346165083376,0.364165694257827,1.78750030147507,0.109227047064264,1.28383865410523,3.16258271140443,6177957,4.69410842451639
"Montana",2015,0.913237582344073,4.3,49.9307316080059,12.3805738273089,69.2928225536721,0.356763726435901,3.99381480278625,0.654680827342837,0.0539023456245546,1.37596401339803,2.29492144896485,1031495,3.87786659169458
"Montana",2016,0.916386233287946,4.4,50.0457233549908,13.0824450144271,69.217482922111,0.373175503796526,3.99218145023159,0.685802346524497,0.0550791306709195,1.41209840932622,2.37703871947738,1042137,4.79783368213584
"Montana",2017,0.8824684825907,4.2,49.8379294442726,11.7603633113254,69.1500405176389,0.382497898206786,3.98723931596357,0.707303233250653,0.0573130068263207,1.45455477092826,2.48580933746544,1053862,5.69334504897226
"Montana",2018,0.889041248123501,4,50.0003767123933,11.0760036089047,69.2210906200498,0.384717531629714,3.99456404016508,0.722911082690254,0.055094187516128,1.48057388365991,2.55448673878198,1061818,5.65068589909005
"Montana",2019,0.889617361742529,3.6,50.3875722697297,10.8233352614606,69.2515720155534,0.394814427874179,3.99804508453701,0.756641993490468,0.0574700291461823,1.52038597432258,2.63212733489515,1070123,5.60683211182266
"Montana",2020,0.873904744382862,3.5,50.5467424050778,15.886208403284,69.1737920566658,0.406687671043856,4.02327346319251,0.765816525998666,0.0568498033714325,1.56474944231079,2.73237817077939,1087075,9.19899730929329
"Montana",2021,0.87775836243375,4,49.2437808876478,14.5214318580183,69.2204222099081,0.421613285519157,4.01825303486536,0.790524910348419,0.0580351049106558,1.6009372398251,2.86668106997931,1106227,6.3278151771743
"Montana",2022,0.862969523549984,2.6,49.9678946838762,12.628655041069,69.2080184028919,0.424983546582097,4.00884521497203,0.844356455394984,0.0600249183563147,1.64240288475839,2.99385412519916,1122867,6.23404196578936
"Nebraska",2015,1.10778786496616,2.9,53.3851745637953,4.19331532473353,62.6561856686287,3.24059661987285,0.544961864297044,1.68705098519655,0.0418591597830723,0.795112625980479,6.15245084852005,1892059,4.22819795788609
"Nebraska",2016,1.12353480204125,3,53.4000040913032,4.65060532928959,62.2921893350216,3.29066663589447,0.551067069572611,1.80038321873313,0.0430111362125967,0.835045473786024,6.32478758006235,1906483,3.67168235961191
"Nebraska",2017,1.15545243135361,3.1,53.121234346619,3.87679069044412,61.9598977150733,3.31946094883771,0.553365209562034,1.86891170465488,0.0436620173834297,0.874961789214178,6.54001725614737,1916998,0
"Nebraska",2018,1.16332694888424,2.9,53.4114562776031,3.86790630232375,61.7018746182833,3.36892213603447,0.558916277852332,1.93153820905816,0.0445076426425803,0.909368521203711,6.73400113839851,1925512,0.519342387894752
"Nebraska",2019,1.18443255124909,3.1,54.0749602472561,3.53084052280615,61.5171706498752,3.41503623928953,0.565878304083007,1.95609889623719,0.045638685460974,0.949460589028812,6.91860738881004,1932571,3.10467248033837
"Nebraska",2020,1.18258959096972,3.1,53.7530532822593,5.32501597336651,61.2097366712829,3.47567207875914,0.561589938460504,1.96872379170526,0.0487098513126694,0.990450627266715,7.18154406152523,1962642,2.03806909258031
"Nebraska",2021,1.21005075490666,3,53.2426915684519,4.6179529567305,61.0439030451925,3.49977642580749,0.566574690586559,1.998620868079,0.0507752778889707,1.03282109888498,7.41369985241048,1963554,5.09280620751963
"Nebraska",2022,1.19364426352047,2.1,53.5913752723049,3.81539318357476,60.9003502677696,3.5087246807929,0.572685008508971,2.023961303364,0.0511707012926827,1.07682058698435,7.64394745119601,1967923,2.03259985273814
"Nevada",2015,0.798666634594501,7.4,48.4594728102991,4.44408653767381,42.3846212573613,6.31835598081387,0.677175878524583,6.55192500970009,0.451032253094005,1.74507439522181,18.5799281932111,2868531,6.62359932662398
"Nevada",2016,0.801149490247658,6.2,48.1439123428057,5.06899167852635,41.8320257710507,6.48766678483536,0.675719416143899,6.68112092425044,0.464522846803708,1.80445307589684,18.9041138118652,2919555,4.45273337888822
"Nevada",2017,0.798089698956663,5.4,47.8660689741957,4.36129776383476,41.289029261158,6.67138387475241,0.675415371705567,6.8182162291473,0.474715327258834,1.87063208233109,19.2443584445595,2972097,5.38340437744798
"Nevada",2018,0.798488810433147,4.7,48.4959539384141,4.20473649044371,40.8570886504054,6.81912743650447,0.679276410759802,6.90346369268079,0.482986744095885,1.9353125077333,19.5892731937078,3030725,7.58894323965388
"Nevada",2019,0.783299700948404,4.3,49.3053674956831,4.15145606063989,40.402799172116,6.93998358338421,0.675203695129791,7.04675305934992,0.494472091267842,2.01564593429924,19.9475794227395,3090771,3.55898253219019
"Nevada",2020,0.776403496158744,4.2,50.3674997945853,7.04023689454008,39.9603549566575,7.01385393985457,0.675782373361817,7.12214601906249,0.499061511441601,2.08775188981554,20.3964953678978,3115648,8.02401298221108
"Nevada",2021,0.7802563054562,9,47.8096886538974,5.92988435679865,39.5133552546687,7.11936999785787,0.678203230229322,7.28082425576897,0.514079256242527,2.16332814433756,20.7738235610071,3146402,3.81388010813621
"Nevada",2022,0.793952492501035,5.4,47.4057924860563,4.79143878163695,38.8544552598487,7.2571600479833,0.673459266429435,7.53414656558117,0.529270193078673,2.24651107757259,21.1986574241324,3177772,5.03497418946356
"New Hampshire",2015,1.02207135807638,3.8,55.9540329575022,10.2293866076502,73.8820767413344,0.907976194036546,0.174058677512935,2.13027484523133,0.0223554744743847,0.797619403654634,2.27367885874929,1337480,2.24302419475431
"New Hampshire",2016,1.00394881572739,2.9,55.7450580266043,12.2917866716678,73.8572919131886,0.963686672709709,0.175411961354296,2.20838970777573,0.0224753552520142,0.830918348969334,2.39131826144941,1343694,1.48843412264995
"New Hampshire",2017,0.987859107890654,2.9,55.9802872492863,9.55942520521773,73.8700898625958,1.00674247164718,0.177207409683833,2.24704623462024,0.0219935648458414,0.859081972311805,2.52696433265822,1350395,2.22157220665065
"New Hampshire",2018,0.966006033663355,2.7,56.2828028786832,8.92127604305037,73.8794625198515,1.05618627607257,0.180065295808906,2.27908054527314,0.0228771482380168,0.886452595596961,2.65286362858138,1355064,1.47594504761399
"New Hampshire",2019,0.958271818504493,2.6,57.0060766485178,8.24326876511538,73.8746001383027,1.10789155949185,0.17916155625107,2.32814489892951,0.0236628470520281,0.917266015227997,2.77237443442489,1360783,1.469742052921
"New Hampshire",2020,0.92776154134632,2.6,56.6735360191268,12.6696392755771,73.8590310223439,1.1402254627383,0.180837335619732,2.34529993391785,0.0232847110846105,0.952859703449982,2.91058888557632,1378587,2.90152163048106
"New Hampshire",2021,0.923239916252554,4.2,54.6815326791615,10.944320921366,73.8536437706531,1.16612192388496,0.182485828879896,2.38954093859121,0.0237116262644099,0.988320762808062,3.04690793907049,1387505,1.44143624707659
"New Hampshire",2022,0.89160862968211,2.3,54.361034122665,9.56880975265028,73.7816175242666,1.21220070368276,0.181618671030102,2.46862347525248,0.0236519974111814,1.02083454281047,3.18370219698387,1395231,2.86690877711289
"New Jersey",2015,1.0969174477741,6.3,50.801426150512,1.0150037563504,45.9133568244274,9.86615803367458,0.109285896595295,7.11985102666062,0.0252415022154801,0.783839395953603,13.8074173715648,8870312,1.69103409214918
"New Jersey",2016,1.08355316183405,5,50.6851572036733,1.37321064408699,45.5940012513546,9.90463379847421,0.109470987145667,7.28803604045445,0.0258745508015701,0.803880371223172,14.0466805746134,8873584,1.35232843910645
"New Jersey",2017,1.08582812592996,4.6,51.8546329172999,1.16716116418867,45.2184577955338,9.9354229852409,0.110709240069949,7.47205238617228,0.02627094263855,0.825166370448194,14.3095968147241,8888147,1.35011268377987
"New Jersey",2018,1.08179173231756,4.4,51.616468336308,1.04731025346024,44.8985068147593,9.97156908723049,0.111912979813827,7.58516059304545,0.0264290526140582,0.848799952315241,14.5816393435248,8891730,1.34956864412212
"New Jersey",2019,1.06677817694639,3.5,52.0320634043012,1.02636769734946,44.5792147747822,10.0188409784082,0.113223573087183,7.70468026009368,0.0268128537041665,0.870135587112645,14.8276992974447,8891258,1.34964028712247
"New Jersey",2020,1.0375671573971,4,51.266279531162,1.91875504020896,44.0483174101288,10.0443511424941,0.112201778985469,7.84273501839848,0.0258852513279943,0.890711498196283,15.1831020216489,9271689,0.862841710933143
"New Jersey",2021,1.04089777676017,7.2,50.0593064644963,2.41085390842711,43.8249146710911,10.0665184067995,0.113423006419643,7.97214187672995,0.0263056782392589,0.91960896253232,15.4295427009242,9267961,1.18688458011422
"New Jersey",2022,1.02529784222096,5.1,50.5123951879671,1.81111478574288,43.4580091622498,10.1011164366279,0.115248832854533,8.11115757486828,0.0271116562954594,0.945873969775956,15.7107783355948,9261699,0.971743953242272
"New Mexico",2015,0.939680996482895,6.5,44.8524954415424,7.07688877554877,32.3416285858232,1.4215306561356,6.28280091920322,1.20900199084146,0.051003052049428,0.872841161855267,33.925546069966,2090071,9.56905291734109
"New Mexico",2016,0.950512650802488,6.5,44.9225946271424,7.70426583769602,32.0964562460724,1.43427532370714,6.33608196678223,1.22954952199584,0.0510380850204654,0.889964660427086,34.305621596565,2092555,10.0355785152601
"New Mexico",2017,0.932702102975664,6.7,45.3180456832903,7.63453941144204,31.8705073096705,1.44368142107104,6.40042927232034,1.24285422133709,0.0537068219131479,0.913876046184044,34.7072691514513,2092844,10.0341927061931
"New Mexico",2018,0.945669835138225,5.2,44.909048531967,7.49147225509778,31.6679514403316,1.46411660586678,6.45118767534295,1.27092294510243,0.054065568352347,0.930195237835964,35.1195985774833,2093754,9.55222055695177
"New Mexico",2019,0.938258763193966,5.1,45.3383780220743,7.46934941994652,31.4840586502219,1.49273635309773,6.49660845652147,1.30284611508482,0.0533902575401237,0.958357504212639,35.4838033676346,2099634,8.57292270938649
"New Mexico",2020,0.921454500823739,5.1,45.3461827142311,9.73626197253575,31.1747128715676,1.50798483754172,6.53123362553637,1.32454363927322,0.0536256307856438,0.991554907264479,35.9287477754332,2118390,7.55290574445688
"New Mexico",2021,0.923617538245089,8.2,44.1658316313731,9.21203376802412,31.0111556935706,1.53150433438829,6.59089695782588,1.35405638177199,0.0549918575200656,1.01909738708362,36.3539170123736,2116677,12.2834046007019
"New Mexico",2022,0.936430604766664,5.4,45.0558451439993,8.22360202598347,30.8034565125223,1.56202681626844,6.63465105538899,1.40450395203053,0.0558356803246419,1.04677705096757,36.7493413282457,2113344,14.1955119469429
"New York",2015,0.923574478943494,5.7,48.4549954696268,1.76040265100214,46.0223496375727,11.2594946178068,0.224201456546393,6.67243008342795,0.0337736764841964,0.939278551741613,13.5692600227671,19657321,0.966561007982726
"New York",2016,0.93000796327594,4.8,48.657943305366,2.06133601637898,45.8045320038698,11.291611579745,0.225968203627642,6.82085114316577,0.0343800446833637,0.964591711379143,13.715840145982,19636391,0.865739534316668
"New York",2017,0.950553410919927,4.7,49.9487211522351,1.95211772837486,45.6488972636259,11.3152908343838,0.22797970934654,6.93932060005158,0.0351589930084691,0.991474416282375,13.8423696130352,19593849,0.816582795958058
"New York",2018,0.936855719818843,4.5,50.1569271705453,1.83489665268768,45.5145947385241,11.3347722673106,0.23001317328638,7.03024514101393,0.0356782901927733,1.01834835253077,13.9890620687637,19544098,0.767495128196758
"New York",2019,0.935563758986157,4,50.5735690727252,1.82588299898922,45.387882350481,11.3532709613885,0.231699617086275,7.13032245428549,0.0364381249861597,1.04645547522647,14.0983842733217,19463131,1.18172148150264
"New York",2020,0.912558677274295,4,49.278665879993,2.52602209555698,44.7541154158463,11.4775414087797,0.231496492790836,7.3223509341617,0.0366962968915914,1.07620755135094,14.3703524157393,20108296,0.944883644044229
"New York",2021,0.920156483003997,8.5,47.9904813759965,2.33954519533484,44.7305732264679,11.4905598350487,0.235628950524064,7.43182975977027,0.0374619312448924,1.1071992374465,14.4723160407165,19857492,1.00717653568739
"New York",2022,0.932248779307533,5.1,48.8023444044313,2.27455183933894,44.7453038298075,11.4297999746,0.238662599072396,7.59068729004519,0.03800855113629,1.14566890298296,14.5381615458457,19677151,0.965586938881548
"North Carolina",2015,1.01043934683893,5.7,47.1124568580656,5.2990380402219,51.7485422753596,16.1836676258302,0.854360242051134,2.03990787088614,0.0448331400194755,0.877155403021036,5.45232752740849,10037218,2.29147160099542
"North Carolina",2016,1.021472372715,5.3,47.337234085057,5.91868450103633,51.6386857370376,16.2502477414931,0.854700770591673,2.13559563549851,0.0458186451576207,0.912259459493503,5.56864815905683,10161802,3.14904777715606
"North Carolina",2017,1.05325563330705,4.9,47.0001921026167,5.23380367657549,51.5004245915484,16.3081497248184,0.855479469251806,2.22741718907744,0.0472568544335124,0.950061299614101,5.69991041050208,10275758,2.14096127993672
"North Carolina",2018,1.05327908055906,4.2,46.9978033669901,5.0995837117728,51.3900300615184,16.3764736043162,0.856019011182177,2.28838232692974,0.0479533088937942,0.989283595079681,5.87449686556849,10391358,2.40584531877354
"North Carolina",2019,1.02291278939995,4,47.2018164462894,5.05042954338209,51.3017712712915,16.4234923701485,0.856049069341717,2.36126019198993,0.0492030383804649,1.02868345734238,6.03429985990418,10501384,3.2376684825543
"North Carolina",2020,1.02723158981171,3.8,48.0464369160276,8.51991660801124,51.0987425647965,16.3947654636203,0.810904311185905,2.4528575441088,0.0511510419931393,1.08734004533255,6.27269677958973,10449445,3.25376132416602
"North Carolina",2021,0.943318993155803,5.6,46.1275226826716,7.39865141443429,51.001596174859,16.410475790717,0.812596389228162,2.5293195979324,0.0524423652159758,1.13395139167235,6.46548774664877,10565885,2.55539408199124
"North Carolina",2022,0.998693986796677,3.6,48.0061310557565,5.7266711487168,50.793445314798,16.3894235456057,0.810760060802098,2.63686991265423,0.0533322217001576,1.17891689230359,6.68772600884216,10698973,2.99094128006492
"North Dakota",2015,0.935758275239995,2.6,54.7809041780879,9.18935803276345,67.7322222472228,1.73677794734077,3.25649174031186,1.09948288435907,0.0414274879986023,0.930464027572442,2.12206682134694,755537,1.32356191688825
"North Dakota",2016,0.94430204969092,3.1,54.4185136103815,9.52713479713377,67.1679138330992,1.96160896372769,3.27133210071497,1.16159732527106,0.0411313637890583,0.956072761514798,2.20482625635817,756114,1.32255189032342
"North Dakota",2017,0.935573600438715,2.9,54.9526597115315,8.85055268878303,66.7023012731994,2.07015480571651,3.27741475114139,1.2992315875019,0.0407000944823622,0.982484423624555,2.28475530389624,756755,3.9642949171132
"North Dakota",2018,0.964395009880773,2.6,54.3631966865861,8.20117306219756,66.2686728187964,2.1841639234694,3.28552144430323,1.30673550315632,0.0424965331775566,1.01162799876852,2.41269791148617,760062,5.26272856688007
"North Dakota",2019,0.972864542688196,2.4,54.171009422252,7.90717589076682,65.8734045283375,2.23235095400956,3.31166756576983,1.29366106080207,0.0468755728509252,1.05653351210647,2.54031561139888,763724,0
"North Dakota",2020,1.00061833081468,2.1,52.8105829499768,10.963826364497,65.79848059955,2.27153189535072,3.14540523759554,1.26847616090969,0.0506723385476666,1.10773580597241,2.69717953915112,779518,3.84853204159493
"North Dakota",2021,1.05278853990184,4.1,52.4732175223091,10.3538346440701,65.8140664889309,2.27525728403695,3.16942054210254,1.27144462126607,0.0534749734553317,1.13904264372042,2.73262256181116,777934,3.85636827802873
"North Dakota",2022,1.07537782591455,2.3,53.0348625171797,9.29829671958432,65.6913408986206,2.31090738533046,3.20611451105599,1.27377091885774,0.0571053857436725,1.17534433264336,2.83050223224311,779261,3.84980128609028
"Ohio",2015,1.02277386217806,5.2,49.2613906953993,6.44021436348955,63.2840531339927,9.05609596711154,0.154814251721796,1.63984541806,0.0249864162174231,0.934719115769965,2.25850873943788,11622315,2.49519996661595
"Ohio",2016,1.03444483963141,5,49.3445136880738,7.52336328163257,63.1472518182896,9.13060585598356,0.156622904005649,1.72668353943193,0.0258589732355331,0.973903914584633,2.33716149229471,11640060,2.23366546220552
"Ohio",2017,1.02874185240053,5.3,49.6777134620056,6.45543441605677,63.0124743414586,9.1939570566925,0.157795850504033,1.80417713252846,0.0274051137582243,1.01318342841831,2.425133978175,11665706,2.91452570465945
"Ohio",2018,1.02603465557254,4.6,49.6334526507051,6.14229632463,62.8885704961573,9.26769120029532,0.159397073442679,1.860071987653,0.0292529029461106,1.05390923912318,2.52033834402373,11680892,2.73951681087369
"Ohio",2019,1.0066253113002,4.4,49.9821527914274,5.45885194614084,62.7717659639754,9.33966867202319,0.160432512031156,1.92208665373346,0.0310947533310586,1.0986869840714,2.60640206516356,11696507,2.05189463828817
"Ohio",2020,0.986394001381816,4.4,50.2359776213927,8.27929300716414,62.5461272910223,9.40578428494742,0.1606015909958,1.96622730020224,0.0321169276552007,1.14778389384817,2.7073832570023,11797517,1.9495627766419
"Ohio",2021,0.990450634638129,6,48.7355688911458,7.2412634722792,62.4021725991985,9.4561939800798,0.16216801585673,2.01171472233636,0.0334995361406528,1.19857957206616,2.80347171138003,11764342,2.21006835741429
"Ohio",2022,0.963758429909073,4.1,48.7806882204902,5.58806361792363,62.2477619623857,9.50232637504851,0.163124407858485,2.07880907018322,0.0357602863136606,1.24820751990165,2.92631254456213,11756058,3.23237602264296
"Oklahoma",2015,1.00753915465931,4,46.5163438705563,9.1874273433852,53.2274752347387,5.428334558235,5.81352649444396,1.67931716463139,0.0959975123500263,3.10306716399209,6.05617976953437,3910518,8.1830591241365
"Oklahoma",2016,1.02542091772117,4.5,46.6614886474347,9.28148491539132,52.935420120907,5.45377294054723,5.87537164507504,1.71396509750281,0.101243768365867,3.15696246292459,6.24898329821496,3928143,6.61890363970965
"Oklahoma",2017,1.03747150830206,4.4,46.1723631419752,8.49986856829949,52.6973750776006,5.48026973750776,5.94767848907947,1.73655087627065,0.10700116585257,3.21300934868347,6.43481470672427,3933602,6.60971801417632
"Oklahoma",2018,1.03208124381258,3.7,46.5010924339062,8.42632207832254,52.4869861401886,5.50459390265673,6.01089695213983,1.76407282081244,0.115684389048477,3.26452115487609,6.61084806141162,3943488,8.36822630118311
"Oklahoma",2019,1.02936973385351,3.2,46.262860178414,9.09044314657397,52.3007941068646,5.52839969742539,6.05543094158674,1.79163859906743,0.122580084813805,3.32922965675556,6.78707372175861,3960676,8.58439316924687
"Oklahoma",2020,1.04188945429306,3.1,46.4071838164378,11.861196414952,52.0050634162877,5.59956942297837,5.98151989249698,1.82720322670465,0.129208416227145,3.41099625918558,7.09877041407224,3964912,7.06194740261575
"Oklahoma",2021,1.04228651604457,5,46.5757505527751,10.4357434121103,51.7441888142112,5.61892652005337,6.03418749882555,1.87706781752469,0.132490651366435,3.46733145838684,7.31742760681245,3991225,4.50989357903902
"Oklahoma",2022,0.992337927260063,2.9,46.5946564505697,9.21127916811782,51.439549231305,5.62296631673218,6.06594855465446,1.93892730981641,0.134633563858898,3.52418030747798,7.56251554803722,4019800,6.96552067267028
"Oregon",2015,0.87693496795604,5.8,48.7668910764153,6.87129809766826,62.8832795576107,1.34999211156683,0.857873328187188,3.41882702731488,0.281320936797475,1.82655799043534,7.88557143361946,4018542,3.73269708267327
"Oregon",2016,0.859459341929718,4.9,49.3734961599171,7.93272666285716,62.6178916568192,1.38011873633581,0.859703645324241,3.59995710032392,0.291453949665194,1.88233322445545,8.08993589723231,4093271,3.66455091783564
"Oregon",2017,0.846334983726738,4.1,49.4779728661629,8.22625548128491,62.4014598434546,1.40496429720198,0.861959629580155,3.70694722872311,0.296723598568127,1.94032542665169,8.33984762112356,4147294,2.89345293581791
"Oregon",2018,0.838763744945068,4.1,49.7351523997153,8.59755546621066,62.2552729292766,1.43679823154469,0.867543213423662,3.78524110453879,0.303451289315407,2.00296973518586,8.57972366929618,4183538,3.82451408353408
"Oregon",2019,0.820186161860822,4.2,49.6811520366138,8.48411191722429,62.1103166990662,1.46694256040394,0.874999644222313,3.84244646020176,0.308032321691339,2.05907522468547,8.82606171177453,4216116,4.2693322479742
"Oregon",2020,0.828544134640189,3.5,49.2804246141451,12.1583256670817,61.8747195094227,1.49232177290069,0.877097716144125,3.88810295903571,0.311322454912428,2.12198704531079,9.12524633109491,4244795,3.7693221934157
"Oregon",2021,0.833117770571207,6.4,50.2061061940873,10.6696636351611,61.7435186092337,1.52341199553321,0.882103967741003,3.95554731678986,0.315649668573722,2.18476089919392,9.40086239201598,4256301,3.9940784263143
"Oregon",2022,0.835114525780653,3.8,51.1056836135248,11.6940089435789,61.4588160712732,1.5720010933609,0.887542077060246,4.06281683822952,0.324989499160051,2.24157851503383,9.71261070102216,4240137,5.42435303387603
"Pennsylvania",2015,0.961466439215258,5.5,50.0351216332842,7.76733059480503,63.1012840037536,7.98708318275806,0.111291480001545,2.54581801583413,0.0220487546441167,0.76600657490736,4.4310959998086,12789838,1.40736731770958
"Pennsylvania",2016,0.938579976897936,5.3,50.5731882818177,8.93946014487427,62.8554569632578,8.04557668674622,0.112679642315248,2.63591385613977,0.022082394857617,0.792792381386105,4.60826894980697,12788468,1.72029988267555
"Pennsylvania",2017,0.943829853019368,5.2,50.7248286572879,8.30541352385628,62.5935203220026,8.09348167312365,0.113601912169895,2.7172858342128,0.0226578564417286,0.821614985416985,4.80457540200891,12794679,1.7976222771982
"Pennsylvania",2018,0.930197553974684,4.8,50.5453893077792,7.97825328494797,62.3277173030095,8.14831978529026,0.11498849997896,2.79269273025825,0.0232646975312174,0.852877565938047,5.02786025598818,12809107,1.79559746046309
"Pennsylvania",2019,0.910782605013266,4.4,51.2502614485967,7.71853293760088,62.1448840496471,8.19679342330108,0.116463288241638,2.86071839237846,0.0234629850120514,0.883975578181315,5.17956918584223,12798883,1.09384545510729
"Pennsylvania",2020,0.903309415411514,4.5,50.5955085405758,11.181097453988,61.8518997355792,8.20116911540628,0.117296320580187,2.94736825904002,0.0236639670505231,0.924079837222689,5.37132804491767,12994440,1.4621638177559
"Pennsylvania",2021,0.90316221283657,7.5,49.9313290848128,10.8219998080242,61.7240668828815,8.21311984521435,0.118328698017739,3.04613589594083,0.0239700726841156,0.969200954284022,5.55015159399446,13012059,1.84444291253214
"Pennsylvania",2022,0.892537223227121,4.5,49.6475564924104,9.47524084166461,61.5090894177679,8.22242015268569,0.119480345679713,3.13088767752841,0.0243370186019003,1.00642090260814,5.75560853801509,12972008,1.77304855192812
"Rhode Island",2015,0.961314654560662,6.6,52.7427745281894,2.09379251877686,61.8183985784654,4.29743605270578,0.31384652649387,2.70161587910144,0.0469303217187095,1.08460136665638,9.80247633141133,1056886,0
"Rhode Island",2016,0.874443192388846,5.6,52.2369674877294,2.62408585235996,61.4707094617589,4.38667972501834,0.317068374840237,2.75832469919154,0.047645337185295,1.11768020147171,10.1270920462538,1057816,1.89068798354345
"Rhode Island",2017,0.884952401864931,4.6,53.597639117357,2.33561180971346,61.2158962059677,4.46564964971028,0.317068507620055,2.75537265487614,0.0471343632223247,1.15677949257681,10.4555943188895,1056554,0.946473157074792
"Rhode Island",2018,0.940209829157455,4.5,53.8516507479199,2.36279638793284,60.7738984158031,4.57200629072119,0.320671966832116,2.80769688239259,0.0471048900350974,1.19074365311166,10.8362014767713,1059338,0.943985772246441
"Rhode Island",2019,0.940313261346604,3.8,54.0518523698729,2.3000345884074,60.5101506580303,4.65837804940283,0.326888801105317,2.8035510764933,0.0481024572889871,1.22552586664751,11.1558954333852,1058158,0
"Rhode Island",2020,0.900264059214937,3.6,52.6041528898294,4.68547765530011,60.2145310098555,4.74950859446616,0.324259243212675,2.79683858639388,0.0476127496362915,1.26575120058011,11.4971108547036,1096345,0
"Rhode Island",2021,0.91705902997762,6.5,51.8924142080338,3.45820590071879,60.0468556999412,4.82394927916061,0.325984402703774,2.8229191830335,0.0481319252314298,1.31232423415088,11.7997967155431,1096985,0.911589493019503
"Rhode Island",2022,0.891441611945866,3.5,52.0600072778208,2.55089445879894,59.7678228892948,4.91627763240422,0.327959083287161,2.81732121338461,0.0487321414530407,1.35297979216153,12.1252516608243,1093734,0.914299089175247
"South Carolina",2015,0.902572423318109,6.4,46.1027417041564,6.67885210924987,51.6125388735226,20.3340232834682,0.290808467146486,1.19489232652084,0.0437090967617278,0.749733558333058,3.4623527830644,4896006,3.88071419847116
"South Carolina",2016,0.908920375472166,5.3,46.0475664971667,8.11959465898964,51.6919600139512,20.2824443369385,0.293187771746741,1.24448144692225,0.0442471546117685,0.780329601003903,3.52135620349742,4963031,3.42532617668518
"South Carolina",2017,0.918620708312662,4.4,44.8363291614135,7.89560267525903,51.751386783081,20.2113464178765,0.294483780118247,1.29466241186274,0.043504189889125,0.81100403373554,3.6134536359119,5027102,2.38706117361454
"South Carolina",2018,0.910108250639963,3.9,44.4112990116075,5.51385371728353,51.8120267054121,20.1630024695082,0.294813011444896,1.34202669362818,0.0433450347251273,0.846730621705669,3.7256108075453,5091702,2.35677578931367
"South Carolina",2019,0.880624743345001,3.2,44.872018585021,6.36370616216292,51.8558458786491,20.0867169138504,0.297399888555019,1.39641646609285,0.0432169210241305,0.87932571521193,3.84865197717898,5157702,3.48992632765522
"South Carolina",2020,0.885645872597941,2.8,45.3593715168493,10.3457857676221,51.8832202356734,19.9505129536183,0.30191852915363,1.43739643107122,0.0449740522322563,0.929002573731724,3.99427262849562,5131848,2.72806209381104
"South Carolina",2021,0.883836876447307,4.6,45.2352912406181,9.34839463258766,51.9794672562507,19.8136201765902,0.304837071700159,1.47531437827371,0.0460596472431799,0.963228149684611,4.13021401176061,5193266,3.08091285907558
"South Carolina",2022,0.883082189680375,3.3,44.8009648217158,8.00922418626768,52.054865054062,19.5964361718037,0.304696482853062,1.52944534866508,0.0481767239600548,1.00088327148919,4.30423534925948,5282634,3.97528959984735
"South Dakota",2015,0.91732062813062,3.2,52.9719901294428,11.7318756047705,64.8815966059137,1.17110486823461,5.20626258536991,0.955113301968144,0.0365056168337696,0.939785623105247,2.07520391078121,854663,3.51015546478554
"South Dakota",2016,0.941306691150675,2.8,52.635948189924,12.9584238844126,64.5248948411067,1.29583081025318,5.19270157335998,1.05836217267015,0.0364712924615575,0.973957181544831,2.16488960776572,863693,4.63127523321365
"South Dakota",2017,0.936213850471312,3.1,51.9271355518626,11.2818347044632,64.1852421566338,1.40569419455851,5.15947681897882,1.15756318871233,0.0386846309852449,1.01014956531293,2.30928934730558,873732,3.43354712886789
"South Dakota",2018,0.919960063043987,3,52.0095839597173,10.3132185411185,64.1172363444494,1.43691166336512,5.16417136502059,1.14614060264776,0.0394593500465097,1.04322788854951,2.40815750989895,879386,3.41147118557721
"South Dakota",2019,0.917568735930707,2.8,52.0259218804072,9.62951189626739,63.9955722235937,1.49392364340168,5.14627556144723,1.20320991244771,0.0411440526553695,1.07369068915725,2.49310414405153,887127,3.38170295797558
"South Dakota",2020,0.941654586229541,2.6,52.3993606660967,13.0038443386397,64.0233881768283,1.53559533182624,4.9793928580681,1.24679122188694,0.0440415003846591,1.14001029512311,2.60926178110135,887799,2.25276216801326
"South Dakota",2021,0.951834708825617,3,52.0711610821234,11.9265000602568,63.967197968229,1.56433420668538,4.98111952722939,1.2744319120161,0.0483170491115466,1.18058748175557,2.71568596819332,896164,3.34760155507251
"South Dakota",2022,0.979310284186832,2,51.9448816474395,9.62702676561621,63.8736722706809,1.61437816544738,4.94963861142375,1.30805518429938,0.05748364518852,1.2228738745076,2.88517339617333,909824,7.69379572312887
"Tennessee",2015,0.952185432351319,6.1,46.3415458821467,9.91898236243271,59.4295014338882,12.3676151424169,0.223111602500791,1.29322853633027,0.0364499009454231,0.800518061653704,3.10527683578471,6595354,3.03243768264751
"Tennessee",2016,0.954252844979994,4.8,46.6930786373805,10.746417567634,59.3698623587621,12.4160368001513,0.225866401294067,1.33257117392645,0.0378122877757159,0.832802482891631,3.17008297805068,6651277,3.30763551119582
"Tennessee",2017,0.94895593996975,4.6,47.235532889693,11.4368104357751,59.2937516046767,12.4680330520222,0.229420374375926,1.37854763872002,0.0390483753076065,0.86496172306094,3.27093436715719,6714748,4.02099974563454
"Tennessee",2018,0.938157440492876,3.5,47.5150704171326,10.2402267275286,59.2266803183155,12.5074134944779,0.232599311319558,1.43615247750871,0.0398484548949718,0.895535379703696,3.37887161450419,6778180,3.68830571038243
"Tennessee",2019,0.916940262725419,3.5,48.3996003118446,9.30135828090171,59.2033029175039,12.5274273186122,0.235786730499647,1.46010621749331,0.0414475153085688,0.928886985611958,3.48145952059382,6830325,4.83139528499742
"Tennessee",2020,0.901435669504776,3.5,48.2775041480047,14.2190900192459,59.0720916065409,12.5108816988056,0.238982248373755,1.49502881980658,0.0422200528212713,0.975089735661173,3.63226738288664,6925619,4.18735134000297
"Tennessee",2021,0.899351941370347,5.4,47.706006772621,13.8413234350566,59.0452174409699,12.4152902171547,0.240932180368067,1.52668830832431,0.0435397126235461,1.01886371682483,3.77565653624509,6968351,4.87920312854505
"Tennessee",2022,0.900963632580989,3.5,47.5811189903081,11.86941941098,58.9992198644825,12.312923829077,0.245215837729543,1.56381646095869,0.0451403627027434,1.06354268316982,3.95673786212803,7051339,4.25451109356677
"Texas",2015,1.16802751483143,4.6,47.4933552143724,5.73116196130037,34.5026787198777,8.70432423197294,0.259831878159047,3.50265545689356,0.0598903523453802,0.73420744633195,25.8691555074423,27468531,3.67693488960149
"Texas",2016,1.18717933726884,4.5,47.3772289122788,6.16795175363931,34.1316119358328,8.78995262029922,0.26082909317683,3.62486451274168,0.0611662995399022,0.756958929376962,26.1483781078957,27914064,2.90176306825119
"Texas",2017,1.20752080235767,4.8,47.3066757852243,5.47676888613152,33.8025233727842,8.88149541706232,0.2621078685593,3.73861688428104,0.0625039235059148,0.778999727970257,26.4379790565375,28291024,2.47428300933893
"Texas",2018,1.21832423368964,4.1,47.5100336899455,5.49050109549267,33.5172546208913,8.97317073545644,0.263483489215766,3.82340496085809,0.0643817666532842,0.803065506954097,26.7638032844797,28624564,2.89960748397775
"Texas",2019,1.19506144763716,3.7,47.6093906763197,5.13065363489319,33.2447044678346,9.05705543013829,0.264696399332744,3.91172959658802,0.0661715124480479,0.827055934505899,27.0763403500228,28986794,3.72583459902465
"Texas",2020,1.20437975930467,3.5,48.1131668841987,7.95444477261829,32.8480921594252,9.16111992436904,0.264637197659014,3.99949727142492,0.0682733866452768,0.863283073475067,27.4641516828169,29232474,2.80509956153557
"Texas",2021,1.20525606126135,6.7,47.8600936761304,6.70104575060801,32.5998658135171,9.24510495396575,0.266431078000832,4.10296214360606,0.0694715466737829,0.896259071390565,27.7800966911313,29558864,3.2139259478984
"Texas",2022,1.20371345951917,4.3,48.4082790124348,5.76981583353902,32.2466600589579,9.33758230054028,0.268262231642862,4.28182925817258,0.071735954145467,0.930695915346379,28.0332500243427,30029572,3.92945993369469
"Utah",2015,1.19116806194878,3.6,48.1122634003055,8.54041357730493,56.4398486941728,0.687653211226876,0.676458778680706,1.78296475496594,0.612576777384297,0.912480317573315,8.34923680112722,2983626,3.35162651082944
"Utah",2016,1.20818292638461,3.5,48.5770016237216,9.68737363434761,56.3687631826784,0.717748693352464,0.674946563034924,1.84765266613254,0.628958088403645,0.958596904778564,8.54025683249125,3044241,2.6279128360731
"Utah",2017,1.2140974500087,3.2,49.4035842940642,8.7151124200107,56.3498778813871,0.751464456717168,0.67397230259639,1.91513561932503,0.643845415235505,1.0086868543663,8.75368128008661,3103540,1.93327619428137
"Utah",2018,1.21135171574881,3,49.7534984832748,9.37697791517559,56.4331428618517,0.772957761477811,0.675212897758048,1.95838363464466,0.665260923955193,1.05192996979861,8.96238629315282,3155153,6.02189497624996
"Utah",2019,1.21402904367039,2.8,49.9712335365456,25.7000177624717,56.5887688109727,0.802308059947874,0.678782399731784,1.98661852173156,0.681342193549757,1.09996213378169,9.13228296460336,3203383,3.74603973361911
"Utah",2020,1.22358802418551,2.5,49.8527765977371,37.0539788688967,56.6955814707723,0.827307512519851,0.670293578903613,2.01687991144365,0.698310029432499,1.15144566407362,9.3740302729929,3283785,5.17695281512036
"Utah",2021,1.2197850147629,3.4,49.963178844202,35.3855649689004,56.8881316685,0.84543410181087,0.671585537835946,2.03979320256607,0.712434709457272,1.20532009548644,9.57709427623444,3339113,3.59376876433951
"Utah",2022,1.20681495504023,2.2,50.783394462849,30.001094415523,57.0109441552295,0.874053478466635,0.673095125414103,2.08252484619025,0.732548509228585,1.24937884524373,9.82161026975864,3380800,3.25366777094179
"Vermont",2015,0.985922244770777,3.8,55.7231428069222,5.52691711541842,76.0879500167783,0.803438743388568,0.267812914462856,1.29639986577396,0.0220514213579201,1.02267461370064,1.30582764736901,625810,1.59792908390726
"Vermont",2016,0.973787810354824,3.2,55.295291543742,6.31312403301909,76.138675071993,0.837009061992485,0.270674572286127,1.37323300756287,0.0240243703212539,1.05242758253973,1.36186147227748,624366,3.20324937616718
"Vermont",2017,0.929403709936461,3.1,56.6704312049295,6.01632935124102,76.1058464452308,0.878694419738551,0.273862160311742,1.47712803055995,0.0241548984854399,1.07449306706424,1.42641874036204,625132,1.59966215135363
"Vermont",2018,0.926693576525043,2.8,56.8146388775964,6.65010675381961,76.203341218498,0.914689773720315,0.278328174365639,1.49311301820417,0.0251279605378984,1.10178904677002,1.4769478970938,624802,3.20101408126094
"Vermont",2019,0.916599096861449,2.3,56.8741727372662,5.74364710293792,76.2206632203395,0.963230274691289,0.27994731157639,1.51735609233935,0.0241969342003634,1.1382173750012,1.5364251994244,624046,4.80733792060201
"Vermont",2020,0.88195080674389,2.1,54.7825221304323,9.01627487000169,76.207082671611,0.989900341114307,0.275940164226395,1.55313559177033,0.023020938165449,1.14793597068252,1.58564488958505,642893,0
"Vermont",2021,0.877935984864878,4.5,51.4080980320632,7.96773276123232,76.3397797740861,1.01936405284927,0.278528282522273,1.58414892761974,0.0234940615668066,1.18629554292921,1.6591135319612,646972,3.09132389036929
"Vermont",2022,0.894811023329995,2.6,52.4703893277945,6.91152652596961,76.3102258818293,1.06233695584981,0.281115932890719,1.61730524337623,0.0250361633470569,1.24469913331602,1.7242498423649,647064,3.09088436383418
"Virginia",2015,1.01083945448133,4.8,50.7058367552842,5.53340783762701,50.6274004897396,14.5664738088247,0.213796488545951,4.90512892864045,0.0558961471814753,1.26418273606203,6.03550510839634,8367303,2.0317179860703
"Virginia",2016,1.01893034054275,4,50.2853230669696,6.2769173965516,50.3457318437174,14.6149323605837,0.215143155733114,5.03844837473067,0.0565597219461819,1.31192181761872,6.17977628200551,8417651,2.01956579097898
"Virginia",2017,1.04438537501604,4,50.980479189556,6.14834522113122,50.0729723996345,14.6708344493945,0.216951672002315,5.16724627084063,0.056840913085817,1.36138413702922,6.34352853514179,8471011,2.7151422657815
"Virginia",2018,1.03514073684161,3.4,51.1021017704314,5.60174458225433,49.8585699313353,14.7345292870806,0.217990534513308,5.25548354349471,0.0587363058282771,1.40847287954769,6.49395130021196,8510920,2.11492999581714
"Virginia",2019,1.02832396166627,3.1,51.336131627337,5.99260784779824,49.6277628536989,14.7815696858651,0.218882594363537,5.36952463361211,0.0596963154471111,1.45899524603226,6.64452246570559,8556642,1.16868276129818
"Virginia",2020,1.01557684846044,2.8,51.3621825396044,9.53529514543614,49.2701590730751,14.8103664100765,0.219927792266077,5.47551193074116,0.0590982126843244,1.51896532738893,6.83854551239737,8636471,1.73682051384182
"Virginia",2021,1.02906600333935,4.8,49.7669787516178,7.5697282025189,49.0924779075388,14.8545429238573,0.221429961656924,5.58153664538806,0.0599027533204387,1.57875981895184,6.98989819650667,8657365,2.42568033114002
"Virginia",2022,1.02157867589538,2.9,50.5604287797519,6.53533970110849,48.8022102305502,14.8840362526269,0.223616443789162,5.70531710338742,0.0606889823240748,1.63773882755565,7.18717622226401,8683619,2.76382462196925
"Washington",2015,0.976520125397518,5.6,49.2265902007273,7.00795154428726,56.9103344124492,2.78650764229199,0.967395333827151,6.62641247657587,0.474084545519106,2.14460506464999,7.5528299620205,7167287,2.2323649101815
"Washington",2016,0.964799674957168,5.4,49.4588121772157,9.78081937698023,56.5214937449666,2.84043983248678,0.964005150164501,6.84151600261974,0.489043708589676,2.20461451780359,7.74301396952669,7299961,3.56166286367831
"Washington",2017,0.951002503920664,4.8,49.5961806963993,7.80400947717614,56.1102785949988,2.90207891786039,0.962216902077033,7.09117494178408,0.500797595460713,2.26783940820288,7.92992576283823,7427951,5.11581188405793
"Washington",2018,0.94236682209807,4.6,50.0227121962833,8.33424009402145,55.7400741590741,2.97260732426148,0.960475464118649,7.34539929555655,0.512143750997271,2.33357022041127,8.11010745213798,7526793,3.05575030427966
"Washington",2019,0.91672944555993,4.7,51.0604773507412,7.97436414700032,55.3600041187157,3.03667285524711,0.959912918582868,7.56458083137116,0.523231867932121,2.39733943575697,8.34293403855832,7614024,4.72811748426325
"Washington",2020,0.916619832312946,3.8,51.4726831106711,10.117398544879,54.8632443344673,3.10156704446163,0.955213670167818,7.75233812500235,0.534591329320144,2.47589632926124,8.62945785691435,7724031,4.1429144963297
"Washington",2021,0.925621500256112,6.3,50.0845978003409,9.51905792013559,54.5143006261025,3.15364993937922,0.957982726468835,7.96645542515611,0.547673382859143,2.53855410558028,8.86583914080621,7740745,1.6794249132351
"Washington",2022,0.926174955232522,4,50.608108160178,9.07114580339095,54.0302160886518,3.21493552481407,0.956011377656668,8.33052693716473,0.564387461972369,2.60913926994654,9.14633410165653,7785786,5.00912817280105
"West Virginia",2015,0.969440122560667,6.4,43.0644072798606,13.50890669722,74.1132904978593,2.71486633986715,0.174629421070106,0.661736464185508,0.0169258711941202,0.770072889745309,1.02103147995044,1843332,5.42495871606417
"West Virginia",2016,0.973022235440821,6.4,43.0766712052542,13.2255714390961,74.1056572265865,2.72871889043813,0.177250489103297,0.68258901407144,0.0170265248153413,0.798445783888651,1.05602654391561,1832435,6.5486633905159
"West Virginia",2017,0.997425059782271,5.4,43.0127185441333,12.2488636007485,74.1315006518453,2.74451347486065,0.179690468322407,0.679502695082101,0.0173202256797914,0.832965393089395,1.08985458158459,1818683,6.04833277707
"West Virginia",2018,0.995042506643307,5.4,43.6613798919462,13.3822973244597,74.1585744479508,2.75765759131052,0.181344697231877,0.67078157626472,0.0171100798304275,0.869402470606932,1.12760409600914,1805953,3.87606986449813
"West Virginia",2019,1.00653776076263,5,44.220818899515,11.4855594974107,74.1689657727029,2.78198793157326,0.183538567886711,0.68502497962694,0.017824686410849,0.903488792449908,1.18194381547439,1795263,7.2412788544074
"West Virginia",2020,0.990275870538456,5.2,44.5765370488216,14.8320885107903,73.994931395206,2.8226211608668,0.186276808341986,0.690681135635418,0.0200399682933092,0.994071741970057,1.28897745922229,1791420,3.34929832200154
"West Virginia",2021,0.999145349885692,6,43.4543098224277,12.5587641960968,73.945660830478,2.84829232394264,0.189748007029861,0.713347215330384,0.0194900550314025,1.04288596189582,1.36234364551398,1785526,3.36035431575905
"West Virginia",2022,0.99258882036283,3.8,44.1020394827272,10.8648479344914,73.8111467386528,2.86543830514051,0.1928281232748,0.737625312930244,0.0199982424079912,1.0966923470388,1.45142173420252,1775156,6.75996926467308
"Wisconsin",2015,1.04773147395412,4.7,53.494760561777,6.65078700458985,65.8798037872074,4.35192047374537,0.633584287984214,1.95265357343586,0.0238941079767278,0.72971599327911,3.94664030968985,5762927,1.9087522711983
"Wisconsin",2016,1.05797751408184,4.1,53.7692050623618,9.72818116176667,65.7843665208124,4.38629512204836,0.639409748977086,2.02750741536613,0.0253845341349259,0.761085820850295,4.05799309803867,5775170,2.94363629122606
"Wisconsin",2017,1.05693848265891,3.5,53.9877721038323,9.08872155324213,65.6939829077356,4.41708107872975,0.643070165490363,2.09259319675472,0.0268420601099886,0.794818429430498,4.16859782774371,5793147,4.14282599768312
"Wisconsin",2018,1.04693854821882,2.9,53.89005148452,7.78955330220289,65.6436494535762,4.44544360535202,0.646512956165774,2.12379454459292,0.0278518015622829,0.825174172738664,4.32172858815293,5809319,2.2377838090833
"Wisconsin",2019,1.02685497892466,3,53.4365647932444,7.48010886963371,65.6028304868625,4.47072501867516,0.653317380254477,2.17830261095176,0.0291866487907027,0.859666987204745,4.43728055288441,5824581,3.09035104842735
"Wisconsin",2020,1.02098427972527,3.1,52.546770662339,12.4081474545522,65.6134699371857,4.41580788942706,0.659806850804517,2.21689267674434,0.0296967354451653,0.899772076283468,4.56980352497367,5896271,3.05277691612207
"Wisconsin",2021,1.03586656079547,4.6,52.7523081661352,13.364668396002,65.5930399834969,4.39274767559265,0.66357703719715,2.25472317567334,0.0299824781921263,0.941055264186789,4.71593940308168,5880101,1.87071616626993
"Wisconsin",2022,1.02214003165698,2.8,52.4684520543691,10.7852998512186,65.6131762556005,4.3907728060858,0.669694337194883,2.31289092868117,0.030631956784673,0.983328239320945,4.86041755514898,5892539,2.0364735812525
"Wyoming",2015,0.978872386760325,3.9,51.5613355639345,10.6309975118906,65.9238150783865,0.861714663815317,1.40094715282858,0.727673950227579,0.0535480713314881,0.899573491317197,6.30144835595484,586389,10.2321155410487
"Wyoming",2016,0.982497868406799,5,51.5773789690778,10.8662555553847,65.8283823984225,0.842214259717758,1.40744955514205,0.760197046355104,0.0536529270747365,0.940634915752944,6.40383567167826,585243,3.4173838901106
"Wyoming",2017,1.0120794353045,4.8,50.9296647896358,9.43302861753742,65.9246474963534,0.83725004051766,1.4141525601989,0.819318820539523,0.0536212443577002,0.96190650248106,6.48041186632965,579994,1.72415576712863
"Wyoming",2018,1.0137223816777,4.2,50.4828565211535,10.3876322415526,65.9800294963855,0.840163438988419,1.43596279448894,0.86192306762409,0.0540536806584533,0.997143617002905,6.57158054343809,579054,6.90781861449882
"Wyoming",2019,1.0118665921988,3.7,50.3973343262382,10.5653007329569,66.092298781623,0.837073964517441,1.44143585076088,0.845348171744961,0.0548166228823201,1.02634645484696,6.67676809465693,580116,1.7237931724
"Wyoming",2020,1.07166662338449,4.4,51.0907973442058,15.8211926835813,65.9386605032851,0.824092589226201,1.45185723807793,0.822015044883614,0.0560936972498507,1.07911115727876,6.86455276529808,577605,1.73128695215589
"Wyoming",2021,1.05783948795737,5.4,50.2413358114043,14.6033619623009,66.061126901048,0.815209419430768,1.45267419406609,0.826771449723288,0.0557393400669217,1.12117180314177,7.00210359924277,579483,5.17702848918778
"Wyoming",2022,1.10598729576646,3.5,49.5506389097683,12.0877703261717,66.1303000958064,0.818052189528038,1.45119981561145,0.848668945149566,0.0576214220966973,1.16412473059835,7.14987245885228,581381,17.2004245064768
